-- --------------------------------------------------------
-- 主机:                           127.0.0.1
-- 服务器版本:                        5.6.40 - MySQL Community Server (GPL)
-- 服务器操作系统:                      Win64
-- HeidiSQL 版本:                  8.2.0.4675
-- --------------------------------------------------------

/*!40101 SET @OLD_CHARACTER_SET_CLIENT=@@CHARACTER_SET_CLIENT */;
/*!40101 SET NAMES utf8 */;
/*!40014 SET @OLD_FOREIGN_KEY_CHECKS=@@FOREIGN_KEY_CHECKS, FOREIGN_KEY_CHECKS=0 */;
/*!40101 SET @OLD_SQL_MODE=@@SQL_MODE, SQL_MODE='NO_AUTO_VALUE_ON_ZERO' */;

-- 导出 db02 的数据库结构
CREATE DATABASE IF NOT EXISTS `db02` /*!40100 DEFAULT CHARACTER SET utf8 */;
USE `db02`;


-- 导出  表 db02.menu_right 结构
CREATE TABLE IF NOT EXISTS `menu_right` (
  `id` bigint(11) NOT NULL AUTO_INCREMENT,
  `parent_id` bigint(11) DEFAULT NULL COMMENT '父节点id',
  `name` varchar(32) DEFAULT NULL COMMENT '节点名称',
  `method` varchar(20) DEFAULT '' COMMENT '方法(GET/POST/DELETE/PUT)',
  `url` varchar(255) DEFAULT NULL COMMENT '访问地址',
  `icon` varchar(255) DEFAULT NULL COMMENT '图标样式',
  `grades` int(11) DEFAULT NULL COMMENT '层级(1-一级菜单，2-二级菜单，3-接口)',
  `seq` int(11) NOT NULL DEFAULT '1' COMMENT '权限类型：0-菜单，1-查看，2-编辑',
  `status` int(1) DEFAULT '1' COMMENT '0-禁用，1-启用(默认启用)',
  `create_time` timestamp NULL DEFAULT CURRENT_TIMESTAMP COMMENT '创建时间',
  `modify_time` datetime DEFAULT NULL COMMENT '修改时间',
  PRIMARY KEY (`id`) USING BTREE
) ENGINE=InnoDB AUTO_INCREMENT=605 DEFAULT CHARSET=utf8 ROW_FORMAT=COMPACT COMMENT='菜单权限表';

-- 正在导出表  db02.menu_right 的数据：~13 rows (大约)
DELETE FROM `menu_right`;
/*!40000 ALTER TABLE `menu_right` DISABLE KEYS */;
INSERT INTO `menu_right` (`id`, `parent_id`, `name`, `method`, `url`, `icon`, `grades`, `seq`, `status`, `create_time`, `modify_time`) VALUES
	(1, 0, '首页', '', '/home', '', 1, 1, 1, '2019-01-09 17:09:08', NULL),
	(2, 1, '系统管理', '', '/SystemManagement', '', 1, 1, 1, '2019-01-09 17:09:08', NULL),
	(3, 1, '日志管理', '', '/operationManagement/logManagement', '', 1, 2, 1, '2019-01-09 17:09:08', NULL),
	(20, 2, '用户管理', '', '/SystemManagement/userManagement', '', 1, 2, 1, '2019-01-09 17:09:08', NULL),
	(21, 2, '角色管理', '', '/SystemManagement/roleManagement', '', 1, 2, 1, '2019-01-09 17:09:08', NULL),
	(201, 20, '添加用户', 'POST', '/user/add', '', 3, 3, 1, '2019-01-09 17:09:08', NULL),
	(202, 20, '删除用户', 'DELETE', '/user/delete/*', '', 3, 3, 1, '2019-01-09 17:09:08', NULL),
	(203, 20, '修改用户', 'PUT', '/user/update', '', 3, 3, 1, '2019-01-09 17:09:08', NULL),
	(204, 20, '用户列表', 'GET', '/user/list', NULL, 3, 3, 1, '2019-08-19 16:20:17', NULL),
	(210, 21, '角色列表', 'GET', '/role/list', '', 3, 3, 1, '2019-01-09 17:09:08', NULL),
	(211, 21, '删除角色', 'DELETE', '/role/delete/*', '', 3, 3, 1, '2019-01-09 17:09:08', NULL),
	(212, 21, '添加角色', 'GET', '/role/add', '', 3, 3, 1, '2019-01-09 17:09:08', NULL),
	(213, 21, '修改角色', 'GET', '/role/update', '', 3, 3, 1, '2019-01-09 17:09:08', NULL);
/*!40000 ALTER TABLE `menu_right` ENABLE KEYS */;


-- 导出  表 db02.oauth_access_token 结构
CREATE TABLE IF NOT EXISTS `oauth_access_token` (
  `create_time` timestamp NULL DEFAULT CURRENT_TIMESTAMP,
  `token_id` varchar(255) DEFAULT NULL,
  `token` blob,
  `authentication_id` varchar(255) DEFAULT NULL,
  `user_name` varchar(255) DEFAULT NULL,
  `client_id` varchar(255) DEFAULT NULL,
  `authentication` blob,
  `refresh_token` varchar(255) DEFAULT NULL,
  KEY `token_id_index` (`token_id`) USING BTREE,
  KEY `authentication_id_index` (`authentication_id`) USING BTREE,
  KEY `user_name_index` (`user_name`) USING BTREE,
  KEY `client_id_index` (`client_id`) USING BTREE,
  KEY `refresh_token_index` (`refresh_token`) USING BTREE
) ENGINE=InnoDB DEFAULT CHARSET=utf8 ROW_FORMAT=DYNAMIC;

-- 正在导出表  db02.oauth_access_token 的数据：~3 rows (大约)
DELETE FROM `oauth_access_token`;
/*!40000 ALTER TABLE `oauth_access_token` DISABLE KEYS */;
INSERT INTO `oauth_access_token` (`create_time`, `token_id`, `token`, `authentication_id`, `user_name`, `client_id`, `authentication`, `refresh_token`) VALUES
	('2020-03-20 14:21:24', '77e36b92e677c474988f8f0cf9640543', _binary 0xACED0005737200436F72672E737072696E676672616D65776F726B2E73656375726974792E6F61757468322E636F6D6D6F6E2E44656661756C744F4175746832416363657373546F6B656E0CB29E361B24FACE0200064C00156164646974696F6E616C496E666F726D6174696F6E74000F4C6A6176612F7574696C2F4D61703B4C000A65787069726174696F6E7400104C6A6176612F7574696C2F446174653B4C000C72656672657368546F6B656E74003F4C6F72672F737072696E676672616D65776F726B2F73656375726974792F6F61757468322F636F6D6D6F6E2F4F417574683252656672657368546F6B656E3B4C000573636F706574000F4C6A6176612F7574696C2F5365743B4C0009746F6B656E547970657400124C6A6176612F6C616E672F537472696E673B4C000576616C756571007E000578707372001E6A6176612E7574696C2E436F6C6C656374696F6E7324456D7074794D6170593614855ADCE73F000078707372000E6A6176612E7574696C2E44617465686A3F4B5974190300007870770800000170F69A3F787372004C6F72672E737072696E676672616D65776F726B2E73656375726974792E6F61757468322E636F6D6D6F6E2E44656661756C744578706972696E674F417574683252656672657368546F6B656E2FDF47639DD0C9B70200014C000A65787069726174696F6E71007E0002787200446F72672E737072696E676672616D65776F726B2E73656375726974792E6F61757468322E636F6D6D6F6E2E44656661756C744F417574683252656672657368546F6B656E733F0A6354D45E0200014C000576616C756571007E0005787074002465323238623862352D616261352D346331652D616331362D3639633765383632633736387371007E0009770800000170F6A3A8CA78737200256A6176612E7574696C2E436F6C6C656374696F6E7324556E6D6F6469666961626C65536574801D92D18F9B80550200007872002C6A6176612E7574696C2E436F6C6C656374696F6E7324556E6D6F6469666961626C65436F6C6C656374696F6E19420080CB5E3F0200014C0001637400164C6A6176612F7574696C2F436F6C6C656374696F6E3B7870737200176A6176612E7574696C2E4C696E6B656448617368536574D86CD75A95DD2A1E020000787200116A6176612E7574696C2E48617368536574BA44859596B83F0300007870770C000000103F40000000000001740003616C6C7874000662656172657274002438636533313834302D396436362D343539342D383432322D323033643130643564373730, '3611d699849a0aff90f44657f45e5d02', 'admin', 'sheep1', _binary 0xACED0005737200416F72672E737072696E676672616D65776F726B2E73656375726974792E6F61757468322E70726F76696465722E4F417574683241757468656E7469636174696F6EBD400B02166252130200024C000D73746F7265645265717565737474003C4C6F72672F737072696E676672616D65776F726B2F73656375726974792F6F61757468322F70726F76696465722F4F4175746832526571756573743B4C00127573657241757468656E7469636174696F6E7400324C6F72672F737072696E676672616D65776F726B2F73656375726974792F636F72652F41757468656E7469636174696F6E3B787200476F72672E737072696E676672616D65776F726B2E73656375726974792E61757468656E7469636174696F6E2E416273747261637441757468656E7469636174696F6E546F6B656ED3AA287E6E47640E0200035A000D61757468656E746963617465644C000B617574686F7269746965737400164C6A6176612F7574696C2F436F6C6C656374696F6E3B4C000764657461696C737400124C6A6176612F6C616E672F4F626A6563743B787000737200266A6176612E7574696C2E436F6C6C656374696F6E7324556E6D6F6469666961626C654C6973743F2531B5EC3F0200014C00046C6973747400104C6A6176612F7574696C2F4C6973743B7872002C6A6176612E7574696C2E436F6C6C656374696F6E7324556E6D6F6469666961626C65436F6C6C656374696F6E19420080CB5E3F0200014C00016371007E00047870737200136A6176612E7574696C2E41727261794C6973747881D21D99C7613F000149000473697A65787000000003770400000003737200426F72672E737072696E676672616D65776F726B2E73656375726974792E636F72652E617574686F726974792E53696D706C654772616E746564417574686F72697479000000000000013F00014C0004726F6C657400124C6A6176612F6C616E672F537472696E673B7870740014524F4C455FE8B685E7BAA7E7AEA1E79086E591987371007E000D740014524F4C455FE7B3BBE7BB9FE7AEA1E79086E591987371007E000D740011524F4C455FE699AEE9809AE794A8E688B77871007E000C707372003A6F72672E737072696E676672616D65776F726B2E73656375726974792E6F61757468322E70726F76696465722E4F41757468325265717565737400000000000000010200075A0008617070726F7665644C000B617574686F72697469657371007E00044C000A657874656E73696F6E7374000F4C6A6176612F7574696C2F4D61703B4C000B726564697265637455726971007E000E4C00077265667265736874003B4C6F72672F737072696E676672616D65776F726B2F73656375726974792F6F61757468322F70726F76696465722F546F6B656E526571756573743B4C000B7265736F7572636549647374000F4C6A6176612F7574696C2F5365743B4C000D726573706F6E7365547970657371007E0018787200386F72672E737072696E676672616D65776F726B2E73656375726974792E6F61757468322E70726F76696465722E426173655265717565737436287A3EA371693F00034C0008636C69656E74496471007E000E4C001172657175657374506172616D657465727371007E00164C000573636F706571007E00187870740006736865657031737200256A6176612E7574696C2E436F6C6C656374696F6E7324556E6D6F6469666961626C654D6170F1A5A8FE743F420200014C00016D71007E00167870737200116A6176612E7574696C2E486173684D61700507DAC13F603F000246000A6C6F6164466163746F724900097468726573686F6C6478703F4000000000000C77080000001000000007740004636F646574000652746D59743674000A6772616E745F74797065740012617574686F72697A6174696F6E5F636F646574000573636F7065740003616C6C74000D726573706F6E73655F74797065740004636F646574000C72656469726563745F75726974001B687474703A2F2F6C6F63616C686F73743A383038362F6C6F67696E74000D636C69656E745F736563726574740006313233343536740009636C69656E745F696474000673686565703178737200256A6176612E7574696C2E436F6C6C656374696F6E7324556E6D6F6469666961626C65536574801D92D18F9B80550200007871007E0009737200176A6176612E7574696C2E4C696E6B656448617368536574D86CD75A95DD2A1E020000787200116A6176612E7574696C2E48617368536574BA44859596B83F0300007870770C000000103F4000000000000171007E002578017371007E0031770C000000103F40000000000000787371007E001E3F40000000000000770800000010000000007874001B687474703A2F2F6C6F63616C686F73743A383038362F6C6F67696E707371007E0031770C000000103F400000000000017400066F6175746832787371007E0031770C000000103F4000000000000171007E0027787372004F6F72672E737072696E676672616D65776F726B2E73656375726974792E61757468656E7469636174696F6E2E557365726E616D6550617373776F726441757468656E7469636174696F6E546F6B656E000000000000013F00024C000B63726564656E7469616C7371007E00054C00097072696E636970616C71007E00057871007E0003017371007E00077371007E000B0000000377040000000371007E000F71007E001171007E00137871007E003C737200486F72672E737072696E676672616D65776F726B2E73656375726974792E7765622E61757468656E7469636174696F6E2E57656241757468656E7469636174696F6E44657461696C73000000000000013F00024C000D72656D6F74654164647265737371007E000E4C000973657373696F6E496471007E000E787074000F303A303A303A303A303A303A303A3174002436653561396561632D316436622D343963382D613863382D3537313264376138333730387073720037636F6D2E6578616D706C652E6A616E6368652E73656375726974792E61757468656E7469636174696F6E2E536563757269747955736572A98506083D3F640200044C00116163636F756E744E6F6E457870697265647400134C6A6176612F6C616E672F426F6F6C65616E3B4C00106163636F756E744E6F6E4C6F636B656471007E00424C001563726564656E7469616C734E6F6E4578706972656471007E00424C0007656E61626C656471007E004278720028636F6D2E6578616D706C652E6A616E6368652E757365722E64746F2E4C6F67696E5573657244544FACF03F3F3F02000F4900037365784C000A61637475616C4E616D6571007E000E4C00076164647265737371007E000E4C000A63726561746554696D657400104C6A6176612F7574696C2F446174653B4C0005656D61696C71007E000E4C000269647400104C6A6176612F6C616E672F4C6F6E673B4C00056D656E757371007E00084C000A6D6F6469667954696D6571007E00444C000870617373776F726471007E000E4C000570686F6E6571007E000E4C0006706F737449647400134C6A6176612F6C616E672F496E74656765723B4C0008706F73744E616D6571007E000E4C0005726F6C657371007E00084C000673746174757371007E00464C0008757365726E616D6571007E000E7870000000007400064A616E63686574000DE4B8ADE59BBD20E68890E983BD7372000E6A6176612E7574696C2E44617465686A3F4B5974190300007870770800000165BEDBC2F07874000B31383338323130303132337372000E6A6176612E6C616E672E4C6F6E673B8BE490CC3F3F00014A000576616C7565787200106A6176612E6C616E672E4E756D62657286AC3F0B94E03F0000787000000000000000017371007E000B0000000D77040000000D73720028636F6D2E6578616D706C652E6A616E6368652E757365722E646F6D61696E2E4D656E7552696768745D99644623AFF96302000B4C000A63726561746554696D6571007E00444C000667726164657371007E00464C000469636F6E71007E000E4C0002696471007E00454C00066D6574686F6471007E000E4C000A6D6F6469667954696D6571007E00444C00046E616D6571007E000E4C0008706172656E74496471007E00454C000373657171007E00464C000673746174757371007E00464C000375726C71007E000E78707371007E004A7708000001683396CF2078737200116A6176612E6C616E672E496E746567657212E2A0A4F781873802000149000576616C75657871007E004E0000000174000071007E004F74000070740006E9A696E9A1B57371007E004D000000000000000071007E005571007E00557400052F686F6D657371007E00517371007E004A7708000001683396CF207871007E00557400007371007E004D00000000000000027400007074000CE7B3BBE7BB9FE7AEA1E7908671007E004F71007E005571007E00557400112F53797374656D4D616E6167656D656E747371007E00517371007E004A7708000001683396CF207871007E00557400007371007E004D00000000000000037400007074000CE697A5E5BF97E7AEA1E7908671007E004F7371007E00540000000271007E00557400222F6F7065726174696F6E4D616E6167656D656E742F6C6F674D616E6167656D656E747371007E00517371007E004A7708000001683396CF207871007E00557400007371007E004D00000000000000147400007074000CE794A8E688B7E7AEA1E7908671007E005E71007E006871007E00557400202F53797374656D4D616E6167656D656E742F757365724D616E6167656D656E747371007E00517371007E004A7708000001683396CF207871007E00557400007371007E004D00000000000000157400007074000CE8A792E889B2E7AEA1E7908671007E005E71007E006871007E00557400202F53797374656D4D616E6167656D656E742F726F6C654D616E6167656D656E747371007E00517371007E004A7708000001683396CF20787371007E0054000000037400007371007E004D00000000000000C9740004504F53547074000CE6B7BBE58AA0E794A8E688B771007E006D71007E007A71007E00557400092F757365722F6164647371007E00517371007E004A7708000001683396CF207871007E007A7400007371007E004D00000000000000CA74000644454C4554457074000CE588A0E999A4E794A8E688B771007E006D71007E007A71007E005574000E2F757365722F64656C6574652F2A7371007E00517371007E004A7708000001683396CF207871007E007A7400007371007E004D00000000000000CB7400035055547074000CE4BFAEE694B9E794A8E688B771007E006D71007E007A71007E005574000C2F757365722F7570646174657371007E00517371007E004A77080000016CAAADDDE87871007E007A707371007E004D00000000000000CC7400034745547074000CE794A8E688B7E58897E8A1A871007E006D71007E007A71007E005574000A2F757365722F6C6973747371007E00517371007E004A7708000001683396CF207871007E007A7400007371007E004D00000000000000D27400034745547074000CE8A792E889B2E58897E8A1A871007E007471007E007A71007E005574000A2F726F6C652F6C6973747371007E00517371007E004A7708000001683396CF207871007E007A7400007371007E004D00000000000000D374000644454C4554457074000CE588A0E999A4E8A792E889B271007E007471007E007A71007E005574000E2F726F6C652F64656C6574652F2A7371007E00517371007E004A7708000001683396CF207871007E007A7400007371007E004D00000000000000D47400034745547074000CE6B7BBE58AA0E8A792E889B271007E007471007E007A71007E00557400092F726F6C652F6164647371007E00517371007E004A7708000001683396CF207871007E007A7400007371007E004D00000000000000D57400034745547074000CE4BFAEE694B9E8A792E889B271007E007471007E007A71007E005574000C2F726F6C652F757064617465787371007E004A77080000016850FA4AD87874003C24326124313024345A7058614A7953342F6F4C55437349447A316B434F37543767394C745671386844314530504A5177566676493438552E5246372E74000B353632354071712E636F6D7371007E005400000004707371007E000B0000000377040000000373720023636F6D2E6578616D706C652E6A616E6368652E757365722E646F6D61696E2E526F6C6519619D917DC36A7F0200074C000A63726561746554696D6571007E00444C000B6465736372697074696F6E71007E000E4C0002696471007E00454C000A6D6F6469667954696D6571007E00444C00046E616D6571007E000E4C000373657171007E00464C000673746174757371007E004678707371007E004A77080000016737352CB87874000FE8B685E7BAA7E7AEA1E79086E5919871007E004F7371007E004A77080000016CAABE31987874000FE8B685E7BAA7E7AEA1E79086E591987071007E00557371007E00B57371007E004A77080000016737351D187874000FE7B3BBE7BB9FE7AEA1E79086E5919871007E005E7371007E004A770800000168716F6B907874000FE7B3BBE7BB9FE7AEA1E79086E591987071007E00557371007E00B57371007E004A77080000016BE07279587874000CE699AEE9809AE794A8E688B771007E00657371007E004A77080000016CAABA78787874000CE699AEE9809AE794A8E688B77071007E00557871007E005574000561646D696E737200116A6176612E6C616E672E426F6F6C65616E3F7280D59CFAEE0200015A000576616C756578700171007E00C771007E00C771007E003F, '982a030354537ae41337ec2c735e3d41'),
	('2020-06-01 22:03:15', 'd859cb33270c2cda937625f3ea26479d', _binary 0xACED0005737200436F72672E737072696E676672616D65776F726B2E73656375726974792E6F61757468322E636F6D6D6F6E2E44656661756C744F4175746832416363657373546F6B656E0CB29E361B24FACE0200064C00156164646974696F6E616C496E666F726D6174696F6E74000F4C6A6176612F7574696C2F4D61703B4C000A65787069726174696F6E7400104C6A6176612F7574696C2F446174653B4C000C72656672657368546F6B656E74003F4C6F72672F737072696E676672616D65776F726B2F73656375726974792F6F61757468322F636F6D6D6F6E2F4F417574683252656672657368546F6B656E3B4C000573636F706574000F4C6A6176612F7574696C2F5365743B4C0009746F6B656E547970657400124C6A6176612F6C616E672F537472696E673B4C000576616C756571007E000578707372001E6A6176612E7574696C2E436F6C6C656374696F6E7324456D7074794D6170593614855ADCE73F000078707372000E6A6176612E7574696C2E44617465686A3F4B5974190300007870770800000172703AB7CD787372004C6F72672E737072696E676672616D65776F726B2E73656375726974792E6F61757468322E636F6D6D6F6E2E44656661756C744578706972696E674F417574683252656672657368546F6B656E2FDF47639DD0C9B70200014C000A65787069726174696F6E71007E0002787200446F72672E737072696E676672616D65776F726B2E73656375726974792E6F61757468322E636F6D6D6F6E2E44656661756C744F417574683252656672657368546F6B656E733F0A6354D45E0200014C000576616C756571007E0005787074002430316339393466382D666336362D346162382D613535622D3865356534663465363863377371007E0009770800000172703AB7BB78737200256A6176612E7574696C2E436F6C6C656374696F6E7324556E6D6F6469666961626C65536574801D92D18F9B80550200007872002C6A6176612E7574696C2E436F6C6C656374696F6E7324556E6D6F6469666961626C65436F6C6C656374696F6E19420080CB5E3F0200014C0001637400164C6A6176612F7574696C2F436F6C6C656374696F6E3B7870737200176A6176612E7574696C2E4C696E6B656448617368536574D86CD75A95DD2A1E020000787200116A6176612E7574696C2E48617368536574BA44859596B83F0300007870770C000000103F40000000000001740003616C6C7874000662656172657274002463333531383762312D633166332D343430302D623837302D366132323931623732633637, 'bd4a53c67534bf528ed37f6ff85c46a5', 'admin', 'janche', _binary 0xACED0005737200416F72672E737072696E676672616D65776F726B2E73656375726974792E6F61757468322E70726F76696465722E4F417574683241757468656E7469636174696F6EBD400B02166252130200024C000D73746F7265645265717565737474003C4C6F72672F737072696E676672616D65776F726B2F73656375726974792F6F61757468322F70726F76696465722F4F4175746832526571756573743B4C00127573657241757468656E7469636174696F6E7400324C6F72672F737072696E676672616D65776F726B2F73656375726974792F636F72652F41757468656E7469636174696F6E3B787200476F72672E737072696E676672616D65776F726B2E73656375726974792E61757468656E7469636174696F6E2E416273747261637441757468656E7469636174696F6E546F6B656ED3AA287E6E47640E0200035A000D61757468656E746963617465644C000B617574686F7269746965737400164C6A6176612F7574696C2F436F6C6C656374696F6E3B4C000764657461696C737400124C6A6176612F6C616E672F4F626A6563743B787000737200266A6176612E7574696C2E436F6C6C656374696F6E7324556E6D6F6469666961626C654C6973743F2531B5EC3F0200014C00046C6973747400104C6A6176612F7574696C2F4C6973743B7872002C6A6176612E7574696C2E436F6C6C656374696F6E7324556E6D6F6469666961626C65436F6C6C656374696F6E19420080CB5E3F0200014C00016371007E00047870737200136A6176612E7574696C2E41727261794C6973747881D21D99C7613F000149000473697A65787000000003770400000003737200426F72672E737072696E676672616D65776F726B2E73656375726974792E636F72652E617574686F726974792E53696D706C654772616E746564417574686F72697479000000000000013F00014C0004726F6C657400124C6A6176612F6C616E672F537472696E673B7870740014524F4C455FE8B685E7BAA7E7AEA1E79086E591987371007E000D740014524F4C455FE7B3BBE7BB9FE7AEA1E79086E591987371007E000D740011524F4C455FE699AEE9809AE794A8E688B77871007E000C707372003A6F72672E737072696E676672616D65776F726B2E73656375726974792E6F61757468322E70726F76696465722E4F41757468325265717565737400000000000000010200075A0008617070726F7665644C000B617574686F72697469657371007E00044C000A657874656E73696F6E7374000F4C6A6176612F7574696C2F4D61703B4C000B726564697265637455726971007E000E4C00077265667265736874003B4C6F72672F737072696E676672616D65776F726B2F73656375726974792F6F61757468322F70726F76696465722F546F6B656E526571756573743B4C000B7265736F7572636549647374000F4C6A6176612F7574696C2F5365743B4C000D726573706F6E7365547970657371007E0018787200386F72672E737072696E676672616D65776F726B2E73656375726974792E6F61757468322E70726F76696465722E426173655265717565737436287A3EA371693F00034C0008636C69656E74496471007E000E4C001172657175657374506172616D657465727371007E00164C000573636F706571007E001878707400066A616E636865737200256A6176612E7574696C2E436F6C6C656374696F6E7324556E6D6F6469666961626C654D6170F1A5A8FE743F420200014C00016D71007E00167870737200116A6176612E7574696C2E486173684D61700507DAC13F603F000246000A6C6F6164466163746F724900097468726573686F6C6478703F4000000000000C77080000001000000007740004636F64657400066A48446B675374000A6772616E745F74797065740012617574686F72697A6174696F6E5F636F646574000573636F7065740003616C6C74000D726573706F6E73655F74797065740004636F646574000C72656469726563745F75726974001868747470733A2F2F6A616E6368652E6769746875622E696F74000D636C69656E745F736563726574740006313233343536740009636C69656E745F69647400066A616E63686578737200256A6176612E7574696C2E436F6C6C656374696F6E7324556E6D6F6469666961626C65536574801D92D18F9B80550200007871007E0009737200176A6176612E7574696C2E4C696E6B656448617368536574D86CD75A95DD2A1E020000787200116A6176612E7574696C2E48617368536574BA44859596B83F0300007870770C000000103F4000000000000171007E002578017371007E0031770C000000103F40000000000000787371007E001E3F40000000000000770800000010000000007874001868747470733A2F2F6A616E6368652E6769746875622E696F707371007E0031770C000000103F400000000000017400066F6175746832787371007E0031770C000000103F4000000000000171007E0027787372004F6F72672E737072696E676672616D65776F726B2E73656375726974792E61757468656E7469636174696F6E2E557365726E616D6550617373776F726441757468656E7469636174696F6E546F6B656E000000000000013F00024C000B63726564656E7469616C7371007E00054C00097072696E636970616C71007E00057871007E0003017371007E00077371007E000B0000000377040000000371007E000F71007E001171007E00137871007E003C737200486F72672E737072696E676672616D65776F726B2E73656375726974792E7765622E61757468656E7469636174696F6E2E57656241757468656E7469636174696F6E44657461696C73000000000000013F00024C000D72656D6F74654164647265737371007E000E4C000973657373696F6E496471007E000E787074000F303A303A303A303A303A303A303A3174002461633966646239652D396263612D343962332D626638362D6564353732353030386134327073720037636F6D2E6578616D706C652E6A616E6368652E73656375726974792E61757468656E7469636174696F6E2E536563757269747955736572A98506083D3F640200044C00116163636F756E744E6F6E457870697265647400134C6A6176612F6C616E672F426F6F6C65616E3B4C00106163636F756E744E6F6E4C6F636B656471007E00424C001563726564656E7469616C734E6F6E4578706972656471007E00424C0007656E61626C656471007E004278720028636F6D2E6578616D706C652E6A616E6368652E757365722E64746F2E4C6F67696E5573657244544FACF03F3F3F02000F4900037365784C000A61637475616C4E616D6571007E000E4C00076164647265737371007E000E4C000A63726561746554696D657400104C6A6176612F7574696C2F446174653B4C0005656D61696C71007E000E4C000269647400104C6A6176612F6C616E672F4C6F6E673B4C00056D656E757371007E00084C000A6D6F6469667954696D6571007E00444C000870617373776F726471007E000E4C000570686F6E6571007E000E4C0006706F737449647400134C6A6176612F6C616E672F496E74656765723B4C0008706F73744E616D6571007E000E4C0005726F6C657371007E00084C000673746174757371007E00464C0008757365726E616D6571007E000E7870000000007400064A616E63686574000DE4B8ADE59BBD20E68890E983BD7372000E6A6176612E7574696C2E44617465686A3F4B5974190300007870770800000165BEDBC2F0787400106C69726F6E675F78784071712E636F6D7372000E6A6176612E6C616E672E4C6F6E673B8BE490CC3F3F00014A000576616C7565787200106A6176612E6C616E672E4E756D62657286AC3F0B94E03F0000787000000000000000017371007E000B0000000D77040000000D73720028636F6D2E6578616D706C652E6A616E6368652E757365722E646F6D61696E2E4D656E7552696768745D99644623AFF96302000B4C000A63726561746554696D6571007E00444C000667726164657371007E00464C000469636F6E71007E000E4C0002696471007E00454C00066D6574686F6471007E000E4C000A6D6F6469667954696D6571007E00444C00046E616D6571007E000E4C0008706172656E74496471007E00454C000373657171007E00464C000673746174757371007E00464C000375726C71007E000E78707371007E004A7708000001683396CF2078737200116A6176612E6C616E672E496E746567657212E2A0A4F781873802000149000576616C75657871007E004E0000000174000071007E004F74000070740006E9A696E9A1B57371007E004D000000000000000071007E005571007E00557400052F686F6D657371007E00517371007E004A7708000001683396CF207871007E00557400007371007E004D00000000000000027400007074000CE7B3BBE7BB9FE7AEA1E7908671007E004F71007E005571007E00557400112F53797374656D4D616E6167656D656E747371007E00517371007E004A7708000001683396CF207871007E00557400007371007E004D00000000000000037400007074000CE697A5E5BF97E7AEA1E7908671007E004F7371007E00540000000271007E00557400222F6F7065726174696F6E4D616E6167656D656E742F6C6F674D616E6167656D656E747371007E00517371007E004A7708000001683396CF207871007E00557400007371007E004D00000000000000147400007074000CE794A8E688B7E7AEA1E7908671007E005E71007E006871007E00557400202F53797374656D4D616E6167656D656E742F757365724D616E6167656D656E747371007E00517371007E004A7708000001683396CF207871007E00557400007371007E004D00000000000000157400007074000CE8A792E889B2E7AEA1E7908671007E005E71007E006871007E00557400202F53797374656D4D616E6167656D656E742F726F6C654D616E6167656D656E747371007E00517371007E004A7708000001683396CF20787371007E0054000000037400007371007E004D00000000000000C9740004504F53547074000CE6B7BBE58AA0E794A8E688B771007E006D71007E007A71007E00557400092F757365722F6164647371007E00517371007E004A7708000001683396CF207871007E007A7400007371007E004D00000000000000CA74000644454C4554457074000CE588A0E999A4E794A8E688B771007E006D71007E007A71007E005574000E2F757365722F64656C6574652F2A7371007E00517371007E004A7708000001683396CF207871007E007A7400007371007E004D00000000000000CB7400035055547074000CE4BFAEE694B9E794A8E688B771007E006D71007E007A71007E005574000C2F757365722F7570646174657371007E00517371007E004A77080000016CAAADDDE87871007E007A707371007E004D00000000000000CC7400034745547074000CE794A8E688B7E58897E8A1A871007E006D71007E007A71007E005574000A2F757365722F6C6973747371007E00517371007E004A7708000001683396CF207871007E007A7400007371007E004D00000000000000D27400034745547074000CE8A792E889B2E58897E8A1A871007E007471007E007A71007E005574000A2F726F6C652F6C6973747371007E00517371007E004A7708000001683396CF207871007E007A7400007371007E004D00000000000000D374000644454C4554457074000CE588A0E999A4E8A792E889B271007E007471007E007A71007E005574000E2F726F6C652F64656C6574652F2A7371007E00517371007E004A7708000001683396CF207871007E007A7400007371007E004D00000000000000D47400034745547074000CE6B7BBE58AA0E8A792E889B271007E007471007E007A71007E00557400092F726F6C652F6164647371007E00517371007E004A7708000001683396CF207871007E007A7400007371007E004D00000000000000D57400034745547074000CE4BFAEE694B9E8A792E889B271007E007471007E007A71007E005574000C2F726F6C652F757064617465787371007E004A77080000016850FA4AD87874003C243261243130244578697748593848766650506F4432665279546B51756F4567304C47422E68783632544754385333667769484369414D41714852717400063132343536317371007E005400000004707371007E000B0000000377040000000373720023636F6D2E6578616D706C652E6A616E6368652E757365722E646F6D61696E2E526F6C6519619D917DC36A7F0200074C000A63726561746554696D6571007E00444C000B6465736372697074696F6E71007E000E4C0002696471007E00454C000A6D6F6469667954696D6571007E00444C00046E616D6571007E000E4C000373657171007E00464C000673746174757371007E004678707371007E004A77080000016737352CB87874000FE8B685E7BAA7E7AEA1E79086E5919871007E004F7371007E004A77080000016CAABE31987874000FE8B685E7BAA7E7AEA1E79086E591987071007E00557371007E00B57371007E004A77080000016737351D187874000FE7B3BBE7BB9FE7AEA1E79086E5919871007E005E7371007E004A770800000168716F6B907874000FE7B3BBE7BB9FE7AEA1E79086E591987071007E00557371007E00B57371007E004A77080000016BE07279587874000CE699AEE9809AE794A8E688B771007E00657371007E004A77080000016CAABA78787874000CE699AEE9809AE794A8E688B77071007E00557871007E005574000561646D696E737200116A6176612E6C616E672E426F6F6C65616E3F7280D59CFAEE0200015A000576616C756578700171007E00C771007E00C771007E003F, 'f697ff493db93b21c5717408e20e7291'),
	('2020-06-01 22:08:50', '22f56d38f4daf028f905a42467774754', _binary 0xACED0005737200436F72672E737072696E676672616D65776F726B2E73656375726974792E6F61757468322E636F6D6D6F6E2E44656661756C744F4175746832416363657373546F6B656E0CB29E361B24FACE0200064C00156164646974696F6E616C496E666F726D6174696F6E74000F4C6A6176612F7574696C2F4D61703B4C000A65787069726174696F6E7400104C6A6176612F7574696C2F446174653B4C000C72656672657368546F6B656E74003F4C6F72672F737072696E676672616D65776F726B2F73656375726974792F6F61757468322F636F6D6D6F6E2F4F417574683252656672657368546F6B656E3B4C000573636F706574000F4C6A6176612F7574696C2F5365743B4C0009746F6B656E547970657400124C6A6176612F6C616E672F537472696E673B4C000576616C756571007E000578707372001E6A6176612E7574696C2E436F6C6C656374696F6E7324456D7074794D6170593614855ADCE73F000078707372000E6A6176612E7574696C2E44617465686A3F4B5974190300007870770800000172703FD2FA787372004C6F72672E737072696E676672616D65776F726B2E73656375726974792E6F61757468322E636F6D6D6F6E2E44656661756C744578706972696E674F417574683252656672657368546F6B656E2FDF47639DD0C9B70200014C000A65787069726174696F6E71007E0002787200446F72672E737072696E676672616D65776F726B2E73656375726974792E6F61757468322E636F6D6D6F6E2E44656661756C744F417574683252656672657368546F6B656E733F0A6354D45E0200014C000576616C756571007E0005787074002436333861303065612D613239642D343034642D383366302D3333653264613930636639387371007E0009770800000172703FD2F978737200256A6176612E7574696C2E436F6C6C656374696F6E7324556E6D6F6469666961626C65536574801D92D18F9B80550200007872002C6A6176612E7574696C2E436F6C6C656374696F6E7324556E6D6F6469666961626C65436F6C6C656374696F6E19420080CB5E3F0200014C0001637400164C6A6176612F7574696C2F436F6C6C656374696F6E3B7870737200176A6176612E7574696C2E4C696E6B656448617368536574D86CD75A95DD2A1E020000787200116A6176612E7574696C2E48617368536574BA44859596B83F0300007870770C000000103F4000000000000174000673656C6563747874000662656172657274002430383638313538662D376666622D346633662D383163352D336664353630363334623930, '0ebd1a11347cc611e49a297bb180fd41', 'admin', 'janche2', _binary 0xACED0005737200416F72672E737072696E676672616D65776F726B2E73656375726974792E6F61757468322E70726F76696465722E4F417574683241757468656E7469636174696F6EBD400B02166252130200024C000D73746F7265645265717565737474003C4C6F72672F737072696E676672616D65776F726B2F73656375726974792F6F61757468322F70726F76696465722F4F4175746832526571756573743B4C00127573657241757468656E7469636174696F6E7400324C6F72672F737072696E676672616D65776F726B2F73656375726974792F636F72652F41757468656E7469636174696F6E3B787200476F72672E737072696E676672616D65776F726B2E73656375726974792E61757468656E7469636174696F6E2E416273747261637441757468656E7469636174696F6E546F6B656ED3AA287E6E47640E0200035A000D61757468656E746963617465644C000B617574686F7269746965737400164C6A6176612F7574696C2F436F6C6C656374696F6E3B4C000764657461696C737400124C6A6176612F6C616E672F4F626A6563743B787000737200266A6176612E7574696C2E436F6C6C656374696F6E7324556E6D6F6469666961626C654C6973743F2531B5EC3F0200014C00046C6973747400104C6A6176612F7574696C2F4C6973743B7872002C6A6176612E7574696C2E436F6C6C656374696F6E7324556E6D6F6469666961626C65436F6C6C656374696F6E19420080CB5E3F0200014C00016371007E00047870737200136A6176612E7574696C2E41727261794C6973747881D21D99C7613F000149000473697A65787000000003770400000003737200426F72672E737072696E676672616D65776F726B2E73656375726974792E636F72652E617574686F726974792E53696D706C654772616E746564417574686F72697479000000000000013F00014C0004726F6C657400124C6A6176612F6C616E672F537472696E673B7870740014524F4C455FE8B685E7BAA7E7AEA1E79086E591987371007E000D740014524F4C455FE7B3BBE7BB9FE7AEA1E79086E591987371007E000D740011524F4C455FE699AEE9809AE794A8E688B77871007E000C707372003A6F72672E737072696E676672616D65776F726B2E73656375726974792E6F61757468322E70726F76696465722E4F41757468325265717565737400000000000000010200075A0008617070726F7665644C000B617574686F72697469657371007E00044C000A657874656E73696F6E7374000F4C6A6176612F7574696C2F4D61703B4C000B726564697265637455726971007E000E4C00077265667265736874003B4C6F72672F737072696E676672616D65776F726B2F73656375726974792F6F61757468322F70726F76696465722F546F6B656E526571756573743B4C000B7265736F7572636549647374000F4C6A6176612F7574696C2F5365743B4C000D726573706F6E7365547970657371007E0018787200386F72672E737072696E676672616D65776F726B2E73656375726974792E6F61757468322E70726F76696465722E426173655265717565737436287A3EA371693F00034C0008636C69656E74496471007E000E4C001172657175657374506172616D657465727371007E00164C000573636F706571007E001878707400076A616E63686532737200256A6176612E7574696C2E436F6C6C656374696F6E7324556E6D6F6469666961626C654D6170F1A5A8FE743F420200014C00016D71007E00167870737200116A6176612E7574696C2E486173684D61700507DAC13F603F000246000A6C6F6164466163746F724900097468726573686F6C6478703F400000000000067708000000080000000474000A6772616E745F7479706574000870617373776F7264740009636C69656E745F69647400076A616E6368653274000573636F706574000673656C656374740008757365726E616D6574000561646D696E78737200256A6176612E7574696C2E436F6C6C656374696F6E7324556E6D6F6469666961626C65536574801D92D18F9B80550200007871007E0009737200176A6176612E7574696C2E4C696E6B656448617368536574D86CD75A95DD2A1E020000787200116A6176612E7574696C2E48617368536574BA44859596B83F0300007870770C000000103F4000000000000171007E002578017371007E002B770C000000103F40000000000000787371007E001E3F40000000000000770800000010000000007870707371007E002B770C000000103F400000000000017400066F6175746832787371007E002B770C000000103F40000000000000787372004F6F72672E737072696E676672616D65776F726B2E73656375726974792E61757468656E7469636174696F6E2E557365726E616D6550617373776F726441757468656E7469636174696F6E546F6B656E000000000000013F00024C000B63726564656E7469616C7371007E00054C00097072696E636970616C71007E00057871007E0003017371007E00077371007E000B0000000377040000000371007E000F71007E001171007E00137871007E0035737200176A6176612E7574696C2E4C696E6B6564486173684D617034C04E5C106CC0FB0200015A000B6163636573734F726465727871007E001E3F4000000000000C7708000000100000000571007E002071007E002171007E002471007E002574000D636C69656E745F73656372657474000631323334353671007E002271007E002371007E002671007E002778007073720037636F6D2E6578616D706C652E6A616E6368652E73656375726974792E61757468656E7469636174696F6E2E536563757269747955736572A98506083D3F640200044C00116163636F756E744E6F6E457870697265647400134C6A6176612F6C616E672F426F6F6C65616E3B4C00106163636F756E744E6F6E4C6F636B656471007E003B4C001563726564656E7469616C734E6F6E4578706972656471007E003B4C0007656E61626C656471007E003B78720028636F6D2E6578616D706C652E6A616E6368652E757365722E64746F2E4C6F67696E5573657244544FACF03F3F3F02000F4900037365784C000A61637475616C4E616D6571007E000E4C00076164647265737371007E000E4C000A63726561746554696D657400104C6A6176612F7574696C2F446174653B4C0005656D61696C71007E000E4C000269647400104C6A6176612F6C616E672F4C6F6E673B4C00056D656E757371007E00084C000A6D6F6469667954696D6571007E003D4C000870617373776F726471007E000E4C000570686F6E6571007E000E4C0006706F737449647400134C6A6176612F6C616E672F496E74656765723B4C0008706F73744E616D6571007E000E4C0005726F6C657371007E00084C000673746174757371007E003F4C0008757365726E616D6571007E000E7870000000007400064A616E63686574000DE4B8ADE59BBD20E68890E983BD7372000E6A6176612E7574696C2E44617465686A3F4B5974190300007870770800000165BEDBC2F0787400106C69726F6E675F78784071712E636F6D7372000E6A6176612E6C616E672E4C6F6E673B8BE490CC3F3F00014A000576616C7565787200106A6176612E6C616E672E4E756D62657286AC3F0B94E03F0000787000000000000000017371007E000B0000000D77040000000D73720028636F6D2E6578616D706C652E6A616E6368652E757365722E646F6D61696E2E4D656E7552696768745D99644623AFF96302000B4C000A63726561746554696D6571007E003D4C000667726164657371007E003F4C000469636F6E71007E000E4C0002696471007E003E4C00066D6574686F6471007E000E4C000A6D6F6469667954696D6571007E003D4C00046E616D6571007E000E4C0008706172656E74496471007E003E4C000373657171007E003F4C000673746174757371007E003F4C000375726C71007E000E78707371007E00437708000001683396CF2078737200116A6176612E6C616E672E496E746567657212E2A0A4F781873802000149000576616C75657871007E00470000000174000071007E004874000070740006E9A696E9A1B57371007E0046000000000000000071007E004E71007E004E7400052F686F6D657371007E004A7371007E00437708000001683396CF207871007E004E7400007371007E004600000000000000027400007074000CE7B3BBE7BB9FE7AEA1E7908671007E004871007E004E71007E004E7400112F53797374656D4D616E6167656D656E747371007E004A7371007E00437708000001683396CF207871007E004E7400007371007E004600000000000000037400007074000CE697A5E5BF97E7AEA1E7908671007E00487371007E004D0000000271007E004E7400222F6F7065726174696F6E4D616E6167656D656E742F6C6F674D616E6167656D656E747371007E004A7371007E00437708000001683396CF207871007E004E7400007371007E004600000000000000147400007074000CE794A8E688B7E7AEA1E7908671007E005771007E006171007E004E7400202F53797374656D4D616E6167656D656E742F757365724D616E6167656D656E747371007E004A7371007E00437708000001683396CF207871007E004E7400007371007E004600000000000000157400007074000CE8A792E889B2E7AEA1E7908671007E005771007E006171007E004E7400202F53797374656D4D616E6167656D656E742F726F6C654D616E6167656D656E747371007E004A7371007E00437708000001683396CF20787371007E004D000000037400007371007E004600000000000000C9740004504F53547074000CE6B7BBE58AA0E794A8E688B771007E006671007E007371007E004E7400092F757365722F6164647371007E004A7371007E00437708000001683396CF207871007E00737400007371007E004600000000000000CA74000644454C4554457074000CE588A0E999A4E794A8E688B771007E006671007E007371007E004E74000E2F757365722F64656C6574652F2A7371007E004A7371007E00437708000001683396CF207871007E00737400007371007E004600000000000000CB7400035055547074000CE4BFAEE694B9E794A8E688B771007E006671007E007371007E004E74000C2F757365722F7570646174657371007E004A7371007E004377080000016CAAADDDE87871007E0073707371007E004600000000000000CC7400034745547074000CE794A8E688B7E58897E8A1A871007E006671007E007371007E004E74000A2F757365722F6C6973747371007E004A7371007E00437708000001683396CF207871007E00737400007371007E004600000000000000D27400034745547074000CE8A792E889B2E58897E8A1A871007E006D71007E007371007E004E74000A2F726F6C652F6C6973747371007E004A7371007E00437708000001683396CF207871007E00737400007371007E004600000000000000D374000644454C4554457074000CE588A0E999A4E8A792E889B271007E006D71007E007371007E004E74000E2F726F6C652F64656C6574652F2A7371007E004A7371007E00437708000001683396CF207871007E00737400007371007E004600000000000000D47400034745547074000CE6B7BBE58AA0E8A792E889B271007E006D71007E007371007E004E7400092F726F6C652F6164647371007E004A7371007E00437708000001683396CF207871007E00737400007371007E004600000000000000D57400034745547074000CE4BFAEE694B9E8A792E889B271007E006D71007E007371007E004E74000C2F726F6C652F757064617465787371007E004377080000016850FA4AD87874003C243261243130244578697748593848766650506F4432665279546B51756F4567304C47422E68783632544754385333667769484369414D41714852717400063132343536317371007E004D00000004707371007E000B0000000377040000000373720023636F6D2E6578616D706C652E6A616E6368652E757365722E646F6D61696E2E526F6C6519619D917DC36A7F0200074C000A63726561746554696D6571007E003D4C000B6465736372697074696F6E71007E000E4C0002696471007E003E4C000A6D6F6469667954696D6571007E003D4C00046E616D6571007E000E4C000373657171007E003F4C000673746174757371007E003F78707371007E004377080000016737352CB87874000FE8B685E7BAA7E7AEA1E79086E5919871007E00487371007E004377080000016CAABE31987874000FE8B685E7BAA7E7AEA1E79086E591987071007E004E7371007E00AE7371007E004377080000016737351D187874000FE7B3BBE7BB9FE7AEA1E79086E5919871007E00577371007E0043770800000168716F6B907874000FE7B3BBE7BB9FE7AEA1E79086E591987071007E004E7371007E00AE7371007E004377080000016BE07279587874000CE699AEE9809AE794A8E688B771007E005E7371007E004377080000016CAABA78787874000CE699AEE9809AE794A8E688B77071007E004E7871007E004E74000561646D696E737200116A6176612E6C616E672E426F6F6C65616E3F7280D59CFAEE0200015A000576616C756578700171007E00C071007E00C071007E003F, 'cdccf40f21dfed1fedcb4c8817cc0206');
/*!40000 ALTER TABLE `oauth_access_token` ENABLE KEYS */;


-- 导出  表 db02.oauth_client_details 结构
CREATE TABLE IF NOT EXISTS `oauth_client_details` (
  `client_id` varchar(250) NOT NULL,
  `resource_ids` varchar(256) DEFAULT NULL,
  `client_secret` varchar(256) DEFAULT NULL,
  `scope` varchar(256) DEFAULT NULL,
  `authorized_grant_types` varchar(256) DEFAULT NULL,
  `web_server_redirect_uri` varchar(256) DEFAULT NULL,
  `authorities` varchar(256) DEFAULT NULL,
  `access_token_validity` int(11) DEFAULT NULL,
  `refresh_token_validity` int(11) DEFAULT NULL,
  `additional_information` varchar(4096) DEFAULT NULL,
  `autoapprove` varchar(256) DEFAULT NULL,
  `create_time` timestamp NULL DEFAULT NULL,
  PRIMARY KEY (`client_id`) USING BTREE
) ENGINE=InnoDB DEFAULT CHARSET=utf8 ROW_FORMAT=COMPACT;

-- 正在导出表  db02.oauth_client_details 的数据：~2 rows (大约)
DELETE FROM `oauth_client_details`;
/*!40000 ALTER TABLE `oauth_client_details` DISABLE KEYS */;
INSERT INTO `oauth_client_details` (`client_id`, `resource_ids`, `client_secret`, `scope`, `authorized_grant_types`, `web_server_redirect_uri`, `authorities`, `access_token_validity`, `refresh_token_validity`, `additional_information`, `autoapprove`, `create_time`) VALUES
	('janche', 'oauth2', '$2a$10$4ZpXaJyS4/oLUCsIDz1kCO7T7g9LtVq8hD1E0PJQwVfvI48U.RF7.', 'all', 'authorization_code,refresh_token,password', 'https://janche.github.io', NULL, 600, 600, NULL, 'false', '2019-07-18 10:00:19'),
	('janche2', 'oauth2', '$2a$10$4ZpXaJyS4/oLUCsIDz1kCO7T7g9LtVq8hD1E0PJQwVfvI48U.RF7.', 'select', 'authorization_code,refresh_token,password', 'https://janche.github.io/login', NULL, 600, 600, NULL, 'true', '2019-07-18 10:26:29');
/*!40000 ALTER TABLE `oauth_client_details` ENABLE KEYS */;


-- 导出  表 db02.oauth_code 结构
CREATE TABLE IF NOT EXISTS `oauth_code` (
  `create_time` timestamp NULL DEFAULT CURRENT_TIMESTAMP,
  `code` varchar(255) DEFAULT NULL,
  `authentication` blob,
  KEY `code_index` (`code`) USING BTREE
) ENGINE=InnoDB DEFAULT CHARSET=utf8 ROW_FORMAT=DYNAMIC;

-- 正在导出表  db02.oauth_code 的数据：~5 rows (大约)
DELETE FROM `oauth_code`;
/*!40000 ALTER TABLE `oauth_code` DISABLE KEYS */;
INSERT INTO `oauth_code` (`create_time`, `code`, `authentication`) VALUES
	('2020-03-18 11:16:03', 'sCyxsx', _binary 0xACED0005737200416F72672E737072696E676672616D65776F726B2E73656375726974792E6F61757468322E70726F76696465722E4F417574683241757468656E7469636174696F6EBD400B02166252130200024C000D73746F7265645265717565737474003C4C6F72672F737072696E676672616D65776F726B2F73656375726974792F6F61757468322F70726F76696465722F4F4175746832526571756573743B4C00127573657241757468656E7469636174696F6E7400324C6F72672F737072696E676672616D65776F726B2F73656375726974792F636F72652F41757468656E7469636174696F6E3B787200476F72672E737072696E676672616D65776F726B2E73656375726974792E61757468656E7469636174696F6E2E416273747261637441757468656E7469636174696F6E546F6B656ED3AA287E6E47640E0200035A000D61757468656E746963617465644C000B617574686F7269746965737400164C6A6176612F7574696C2F436F6C6C656374696F6E3B4C000764657461696C737400124C6A6176612F6C616E672F4F626A6563743B787000737200266A6176612E7574696C2E436F6C6C656374696F6E7324556E6D6F6469666961626C654C6973743F2531B5EC3F0200014C00046C6973747400104C6A6176612F7574696C2F4C6973743B7872002C6A6176612E7574696C2E436F6C6C656374696F6E7324556E6D6F6469666961626C65436F6C6C656374696F6E19420080CB5E3F0200014C00016371007E00047870737200136A6176612E7574696C2E41727261794C6973747881D21D99C7613F000149000473697A65787000000003770400000003737200426F72672E737072696E676672616D65776F726B2E73656375726974792E636F72652E617574686F726974792E53696D706C654772616E746564417574686F72697479000000000000013F00014C0004726F6C657400124C6A6176612F6C616E672F537472696E673B7870740014524F4C455FE8B685E7BAA7E7AEA1E79086E591987371007E000D740014524F4C455FE7B3BBE7BB9FE7AEA1E79086E591987371007E000D740011524F4C455FE699AEE9809AE794A8E688B77871007E000C707372003A6F72672E737072696E676672616D65776F726B2E73656375726974792E6F61757468322E70726F76696465722E4F41757468325265717565737400000000000000010200075A0008617070726F7665644C000B617574686F72697469657371007E00044C000A657874656E73696F6E7374000F4C6A6176612F7574696C2F4D61703B4C000B726564697265637455726971007E000E4C00077265667265736874003B4C6F72672F737072696E676672616D65776F726B2F73656375726974792F6F61757468322F70726F76696465722F546F6B656E526571756573743B4C000B7265736F7572636549647374000F4C6A6176612F7574696C2F5365743B4C000D726573706F6E7365547970657371007E0018787200386F72672E737072696E676672616D65776F726B2E73656375726974792E6F61757468322E70726F76696465722E426173655265717565737436287A3EA371693F00034C0008636C69656E74496471007E000E4C001172657175657374506172616D657465727371007E00164C000573636F706571007E00187870740006736865657031737200256A6176612E7574696C2E436F6C6C656374696F6E7324556E6D6F6469666961626C654D6170F1A5A8FE743F420200014C00016D71007E00167870737200116A6176612E7574696C2E486173684D61700507DAC13F603F000246000A6C6F6164466163746F724900097468726573686F6C6478703F400000000000067708000000080000000374000D726573706F6E73655F74797065740004636F646574000C72656469726563745F75726974001B687474703A2F2F6C6F63616C686F73743A383038362F6C6F67696E740009636C69656E745F696471007E001B78737200256A6176612E7574696C2E436F6C6C656374696F6E7324556E6D6F6469666961626C65536574801D92D18F9B80550200007871007E0009737200176A6176612E7574696C2E4C696E6B656448617368536574D86CD75A95DD2A1E020000787200116A6176612E7574696C2E48617368536574BA44859596B83F0300007870770C000000103F40000000000001740003616C6C78017371007E0028770C000000103F40000000000000787371007E001E3F40000000000000770800000010000000007871007E0023707371007E0028770C000000103F40000000000000787371007E0028770C000000103F4000000000000171007E0021787372004F6F72672E737072696E676672616D65776F726B2E73656375726974792E61757468656E7469636174696F6E2E557365726E616D6550617373776F726441757468656E7469636174696F6E546F6B656E000000000000013F00024C000B63726564656E7469616C7371007E00054C00097072696E636970616C71007E00057871007E0003017371007E00077371007E000B0000000377040000000371007E000F71007E001171007E00137871007E0032737200486F72672E737072696E676672616D65776F726B2E73656375726974792E7765622E61757468656E7469636174696F6E2E57656241757468656E7469636174696F6E44657461696C73000000000000013F00024C000D72656D6F74654164647265737371007E000E4C000973657373696F6E496471007E000E787074000F303A303A303A303A303A303A303A31707073720037636F6D2E6578616D706C652E6A616E6368652E73656375726974792E61757468656E7469636174696F6E2E536563757269747955736572A98506083D3F640200044C00116163636F756E744E6F6E457870697265647400134C6A6176612F6C616E672F426F6F6C65616E3B4C00106163636F756E744E6F6E4C6F636B656471007E00374C001563726564656E7469616C734E6F6E4578706972656471007E00374C0007656E61626C656471007E003778720028636F6D2E6578616D706C652E6A616E6368652E757365722E64746F2E4C6F67696E5573657244544FACF03F3F3F02000F4900037365784C000A61637475616C4E616D6571007E000E4C00076164647265737371007E000E4C000A63726561746554696D657400104C6A6176612F7574696C2F446174653B4C0005656D61696C71007E000E4C000269647400104C6A6176612F6C616E672F4C6F6E673B4C00056D656E757371007E00084C000A6D6F6469667954696D6571007E00394C000870617373776F726471007E000E4C000570686F6E6571007E000E4C0006706F737449647400134C6A6176612F6C616E672F496E74656765723B4C0008706F73744E616D6571007E000E4C0005726F6C657371007E00084C000673746174757371007E003B4C0008757365726E616D6571007E000E787000000000740006E69D8EE59B9B74000CE888AAE588A9E4B8ADE5BF837372000E6A6176612E7574696C2E44617465686A3F4B5974190300007870770800000165BEDBC2F07874000B31383338323130303132337372000E6A6176612E6C616E672E4C6F6E673B8BE490CC3F3F00014A000576616C7565787200106A6176612E6C616E672E4E756D62657286AC3F0B94E03F0000787000000000000000017371007E000B0000000D77040000000D73720028636F6D2E6578616D706C652E6A616E6368652E757365722E646F6D61696E2E4D656E7552696768745D99644623AFF96302000B4C000A63726561746554696D6571007E00394C000667726164657371007E003B4C000469636F6E71007E000E4C0002696471007E003A4C00066D6574686F6471007E000E4C000A6D6F6469667954696D6571007E00394C00046E616D6571007E000E4C0008706172656E74496471007E003A4C000373657171007E003B4C000673746174757371007E003B4C000375726C71007E000E78707371007E003F7708000001683396CF2078737200116A6176612E6C616E672E496E746567657212E2A0A4F781873802000149000576616C75657871007E00430000000174000071007E004474000070740006E9A696E9A1B57371007E0042000000000000000071007E004A71007E004A7400052F686F6D657371007E00467371007E003F7708000001683396CF207871007E004A7400007371007E004200000000000000027400007074000CE7B3BBE7BB9FE7AEA1E7908671007E004471007E004A71007E004A7400112F53797374656D4D616E6167656D656E747371007E00467371007E003F7708000001683396CF207871007E004A7400007371007E004200000000000000037400007074000CE697A5E5BF97E7AEA1E7908671007E00447371007E00490000000271007E004A7400222F6F7065726174696F6E4D616E6167656D656E742F6C6F674D616E6167656D656E747371007E00467371007E003F7708000001683396CF207871007E004A7400007371007E004200000000000000147400007074000CE794A8E688B7E7AEA1E7908671007E005371007E005D71007E004A7400202F53797374656D4D616E6167656D656E742F757365724D616E6167656D656E747371007E00467371007E003F7708000001683396CF207871007E004A7400007371007E004200000000000000157400007074000CE8A792E889B2E7AEA1E7908671007E005371007E005D71007E004A7400202F53797374656D4D616E6167656D656E742F726F6C654D616E6167656D656E747371007E00467371007E003F7708000001683396CF20787371007E0049000000037400007371007E004200000000000000C9740004504F53547074000CE6B7BBE58AA0E794A8E688B771007E006271007E006F71007E004A7400092F757365722F6164647371007E00467371007E003F7708000001683396CF207871007E006F7400007371007E004200000000000000CA74000644454C4554457074000CE588A0E999A4E794A8E688B771007E006271007E006F71007E004A74000E2F757365722F64656C6574652F2A7371007E00467371007E003F7708000001683396CF207871007E006F7400007371007E004200000000000000CB7400035055547074000CE4BFAEE694B9E794A8E688B771007E006271007E006F71007E004A74000C2F757365722F7570646174657371007E00467371007E003F77080000016CAAADDDE87871007E006F707371007E004200000000000000CC7400034745547074000CE794A8E688B7E58897E8A1A871007E006271007E006F71007E004A74000A2F757365722F6C6973747371007E00467371007E003F7708000001683396CF207871007E006F7400007371007E004200000000000000D27400034745547074000CE8A792E889B2E58897E8A1A871007E006971007E006F71007E004A74000A2F726F6C652F6C6973747371007E00467371007E003F7708000001683396CF207871007E006F7400007371007E004200000000000000D374000644454C4554457074000CE588A0E999A4E8A792E889B271007E006971007E006F71007E004A74000E2F726F6C652F64656C6574652F2A7371007E00467371007E003F7708000001683396CF207871007E006F7400007371007E004200000000000000D47400034745547074000CE6B7BBE58AA0E8A792E889B271007E006971007E006F71007E004A7400092F726F6C652F6164647371007E00467371007E003F7708000001683396CF207871007E006F7400007371007E004200000000000000D57400034745547074000CE4BFAEE694B9E8A792E889B271007E006971007E006F71007E004A74000C2F726F6C652F757064617465787371007E003F77080000016850FA4AD87874003C24326124313024345A7058614A7953342F6F4C55437349447A316B434F37543767394C745671386844314530504A5177566676493438552E5246372E74000B353632354071712E636F6D7371007E004900000004707371007E000B0000000377040000000373720023636F6D2E6578616D706C652E6A616E6368652E757365722E646F6D61696E2E526F6C6519619D917DC36A7F0200074C000A63726561746554696D6571007E00394C000B6465736372697074696F6E71007E000E4C0002696471007E003A4C000A6D6F6469667954696D6571007E00394C00046E616D6571007E000E4C000373657171007E003B4C000673746174757371007E003B78707371007E003F77080000016737352CB87874000FE8B685E7BAA7E7AEA1E79086E5919871007E00447371007E003F77080000016CAABE31987874000FE8B685E7BAA7E7AEA1E79086E591987071007E004A7371007E00AA7371007E003F77080000016737351D187874000FE7B3BBE7BB9FE7AEA1E79086E5919871007E00537371007E003F770800000168716F6B907874000FE7B3BBE7BB9FE7AEA1E79086E591987071007E004A7371007E00AA7371007E003F77080000016BE07279587874000CE699AEE9809AE794A8E688B771007E005A7371007E003F77080000016CAABA78787874000CE699AEE9809AE794A8E688B77071007E004A7871007E004A74000561646D696E737200116A6176612E6C616E672E426F6F6C65616E3F7280D59CFAEE0200015A000576616C756578700171007E00BC71007E00BC71007E003F),
	('2020-03-18 11:16:26', 'f35mf5', _binary 0xACED0005737200416F72672E737072696E676672616D65776F726B2E73656375726974792E6F61757468322E70726F76696465722E4F417574683241757468656E7469636174696F6EBD400B02166252130200024C000D73746F7265645265717565737474003C4C6F72672F737072696E676672616D65776F726B2F73656375726974792F6F61757468322F70726F76696465722F4F4175746832526571756573743B4C00127573657241757468656E7469636174696F6E7400324C6F72672F737072696E676672616D65776F726B2F73656375726974792F636F72652F41757468656E7469636174696F6E3B787200476F72672E737072696E676672616D65776F726B2E73656375726974792E61757468656E7469636174696F6E2E416273747261637441757468656E7469636174696F6E546F6B656ED3AA287E6E47640E0200035A000D61757468656E746963617465644C000B617574686F7269746965737400164C6A6176612F7574696C2F436F6C6C656374696F6E3B4C000764657461696C737400124C6A6176612F6C616E672F4F626A6563743B787000737200266A6176612E7574696C2E436F6C6C656374696F6E7324556E6D6F6469666961626C654C6973743F2531B5EC3F0200014C00046C6973747400104C6A6176612F7574696C2F4C6973743B7872002C6A6176612E7574696C2E436F6C6C656374696F6E7324556E6D6F6469666961626C65436F6C6C656374696F6E19420080CB5E3F0200014C00016371007E00047870737200136A6176612E7574696C2E41727261794C6973747881D21D99C7613F000149000473697A65787000000003770400000003737200426F72672E737072696E676672616D65776F726B2E73656375726974792E636F72652E617574686F726974792E53696D706C654772616E746564417574686F72697479000000000000013F00014C0004726F6C657400124C6A6176612F6C616E672F537472696E673B7870740014524F4C455FE8B685E7BAA7E7AEA1E79086E591987371007E000D740014524F4C455FE7B3BBE7BB9FE7AEA1E79086E591987371007E000D740011524F4C455FE699AEE9809AE794A8E688B77871007E000C707372003A6F72672E737072696E676672616D65776F726B2E73656375726974792E6F61757468322E70726F76696465722E4F41757468325265717565737400000000000000010200075A0008617070726F7665644C000B617574686F72697469657371007E00044C000A657874656E73696F6E7374000F4C6A6176612F7574696C2F4D61703B4C000B726564697265637455726971007E000E4C00077265667265736874003B4C6F72672F737072696E676672616D65776F726B2F73656375726974792F6F61757468322F70726F76696465722F546F6B656E526571756573743B4C000B7265736F7572636549647374000F4C6A6176612F7574696C2F5365743B4C000D726573706F6E7365547970657371007E0018787200386F72672E737072696E676672616D65776F726B2E73656375726974792E6F61757468322E70726F76696465722E426173655265717565737436287A3EA371693F00034C0008636C69656E74496471007E000E4C001172657175657374506172616D657465727371007E00164C000573636F706571007E00187870740006736865657031737200256A6176612E7574696C2E436F6C6C656374696F6E7324556E6D6F6469666961626C654D6170F1A5A8FE743F420200014C00016D71007E00167870737200116A6176612E7574696C2E486173684D61700507DAC13F603F000246000A6C6F6164466163746F724900097468726573686F6C6478703F400000000000067708000000080000000374000D726573706F6E73655F74797065740004636F646574000C72656469726563745F75726974001B687474703A2F2F6C6F63616C686F73743A383038362F6C6F67696E740009636C69656E745F696471007E001B78737200256A6176612E7574696C2E436F6C6C656374696F6E7324556E6D6F6469666961626C65536574801D92D18F9B80550200007871007E0009737200176A6176612E7574696C2E4C696E6B656448617368536574D86CD75A95DD2A1E020000787200116A6176612E7574696C2E48617368536574BA44859596B83F0300007870770C000000103F40000000000001740003616C6C78017371007E0028770C000000103F40000000000000787371007E001E3F40000000000000770800000010000000007871007E0023707371007E0028770C000000103F40000000000000787371007E0028770C000000103F4000000000000171007E0021787372004F6F72672E737072696E676672616D65776F726B2E73656375726974792E61757468656E7469636174696F6E2E557365726E616D6550617373776F726441757468656E7469636174696F6E546F6B656E000000000000013F00024C000B63726564656E7469616C7371007E00054C00097072696E636970616C71007E00057871007E0003017371007E00077371007E000B0000000377040000000371007E000F71007E001171007E00137871007E0032737200486F72672E737072696E676672616D65776F726B2E73656375726974792E7765622E61757468656E7469636174696F6E2E57656241757468656E7469636174696F6E44657461696C73000000000000013F00024C000D72656D6F74654164647265737371007E000E4C000973657373696F6E496471007E000E787074000F303A303A303A303A303A303A303A31707073720037636F6D2E6578616D706C652E6A616E6368652E73656375726974792E61757468656E7469636174696F6E2E536563757269747955736572A98506083D3F640200044C00116163636F756E744E6F6E457870697265647400134C6A6176612F6C616E672F426F6F6C65616E3B4C00106163636F756E744E6F6E4C6F636B656471007E00374C001563726564656E7469616C734E6F6E4578706972656471007E00374C0007656E61626C656471007E003778720028636F6D2E6578616D706C652E6A616E6368652E757365722E64746F2E4C6F67696E5573657244544FACF03F3F3F02000F4900037365784C000A61637475616C4E616D6571007E000E4C00076164647265737371007E000E4C000A63726561746554696D657400104C6A6176612F7574696C2F446174653B4C0005656D61696C71007E000E4C000269647400104C6A6176612F6C616E672F4C6F6E673B4C00056D656E757371007E00084C000A6D6F6469667954696D6571007E00394C000870617373776F726471007E000E4C000570686F6E6571007E000E4C0006706F737449647400134C6A6176612F6C616E672F496E74656765723B4C0008706F73744E616D6571007E000E4C0005726F6C657371007E00084C000673746174757371007E003B4C0008757365726E616D6571007E000E787000000000740006E69D8EE59B9B74000CE888AAE588A9E4B8ADE5BF837372000E6A6176612E7574696C2E44617465686A3F4B5974190300007870770800000165BEDBC2F07874000B31383338323130303132337372000E6A6176612E6C616E672E4C6F6E673B8BE490CC3F3F00014A000576616C7565787200106A6176612E6C616E672E4E756D62657286AC3F0B94E03F0000787000000000000000017371007E000B0000000D77040000000D73720028636F6D2E6578616D706C652E6A616E6368652E757365722E646F6D61696E2E4D656E7552696768745D99644623AFF96302000B4C000A63726561746554696D6571007E00394C000667726164657371007E003B4C000469636F6E71007E000E4C0002696471007E003A4C00066D6574686F6471007E000E4C000A6D6F6469667954696D6571007E00394C00046E616D6571007E000E4C0008706172656E74496471007E003A4C000373657171007E003B4C000673746174757371007E003B4C000375726C71007E000E78707371007E003F7708000001683396CF2078737200116A6176612E6C616E672E496E746567657212E2A0A4F781873802000149000576616C75657871007E00430000000174000071007E004474000070740006E9A696E9A1B57371007E0042000000000000000071007E004A71007E004A7400052F686F6D657371007E00467371007E003F7708000001683396CF207871007E004A7400007371007E004200000000000000027400007074000CE7B3BBE7BB9FE7AEA1E7908671007E004471007E004A71007E004A7400112F53797374656D4D616E6167656D656E747371007E00467371007E003F7708000001683396CF207871007E004A7400007371007E004200000000000000037400007074000CE697A5E5BF97E7AEA1E7908671007E00447371007E00490000000271007E004A7400222F6F7065726174696F6E4D616E6167656D656E742F6C6F674D616E6167656D656E747371007E00467371007E003F7708000001683396CF207871007E004A7400007371007E004200000000000000147400007074000CE794A8E688B7E7AEA1E7908671007E005371007E005D71007E004A7400202F53797374656D4D616E6167656D656E742F757365724D616E6167656D656E747371007E00467371007E003F7708000001683396CF207871007E004A7400007371007E004200000000000000157400007074000CE8A792E889B2E7AEA1E7908671007E005371007E005D71007E004A7400202F53797374656D4D616E6167656D656E742F726F6C654D616E6167656D656E747371007E00467371007E003F7708000001683396CF20787371007E0049000000037400007371007E004200000000000000C9740004504F53547074000CE6B7BBE58AA0E794A8E688B771007E006271007E006F71007E004A7400092F757365722F6164647371007E00467371007E003F7708000001683396CF207871007E006F7400007371007E004200000000000000CA74000644454C4554457074000CE588A0E999A4E794A8E688B771007E006271007E006F71007E004A74000E2F757365722F64656C6574652F2A7371007E00467371007E003F7708000001683396CF207871007E006F7400007371007E004200000000000000CB7400035055547074000CE4BFAEE694B9E794A8E688B771007E006271007E006F71007E004A74000C2F757365722F7570646174657371007E00467371007E003F77080000016CAAADDDE87871007E006F707371007E004200000000000000CC7400034745547074000CE794A8E688B7E58897E8A1A871007E006271007E006F71007E004A74000A2F757365722F6C6973747371007E00467371007E003F7708000001683396CF207871007E006F7400007371007E004200000000000000D27400034745547074000CE8A792E889B2E58897E8A1A871007E006971007E006F71007E004A74000A2F726F6C652F6C6973747371007E00467371007E003F7708000001683396CF207871007E006F7400007371007E004200000000000000D374000644454C4554457074000CE588A0E999A4E8A792E889B271007E006971007E006F71007E004A74000E2F726F6C652F64656C6574652F2A7371007E00467371007E003F7708000001683396CF207871007E006F7400007371007E004200000000000000D47400034745547074000CE6B7BBE58AA0E8A792E889B271007E006971007E006F71007E004A7400092F726F6C652F6164647371007E00467371007E003F7708000001683396CF207871007E006F7400007371007E004200000000000000D57400034745547074000CE4BFAEE694B9E8A792E889B271007E006971007E006F71007E004A74000C2F726F6C652F757064617465787371007E003F77080000016850FA4AD87874003C24326124313024345A7058614A7953342F6F4C55437349447A316B434F37543767394C745671386844314530504A5177566676493438552E5246372E74000B353632354071712E636F6D7371007E004900000004707371007E000B0000000377040000000373720023636F6D2E6578616D706C652E6A616E6368652E757365722E646F6D61696E2E526F6C6519619D917DC36A7F0200074C000A63726561746554696D6571007E00394C000B6465736372697074696F6E71007E000E4C0002696471007E003A4C000A6D6F6469667954696D6571007E00394C00046E616D6571007E000E4C000373657171007E003B4C000673746174757371007E003B78707371007E003F77080000016737352CB87874000FE8B685E7BAA7E7AEA1E79086E5919871007E00447371007E003F77080000016CAABE31987874000FE8B685E7BAA7E7AEA1E79086E591987071007E004A7371007E00AA7371007E003F77080000016737351D187874000FE7B3BBE7BB9FE7AEA1E79086E5919871007E00537371007E003F770800000168716F6B907874000FE7B3BBE7BB9FE7AEA1E79086E591987071007E004A7371007E00AA7371007E003F77080000016BE07279587874000CE699AEE9809AE794A8E688B771007E005A7371007E003F77080000016CAABA78787874000CE699AEE9809AE794A8E688B77071007E004A7871007E004A74000561646D696E737200116A6176612E6C616E672E426F6F6C65616E3F7280D59CFAEE0200015A000576616C756578700171007E00BC71007E00BC71007E003F),
	('2020-06-01 21:44:06', '2krbY8', _binary 0xACED0005737200416F72672E737072696E676672616D65776F726B2E73656375726974792E6F61757468322E70726F76696465722E4F417574683241757468656E7469636174696F6EBD400B02166252130200024C000D73746F7265645265717565737474003C4C6F72672F737072696E676672616D65776F726B2F73656375726974792F6F61757468322F70726F76696465722F4F4175746832526571756573743B4C00127573657241757468656E7469636174696F6E7400324C6F72672F737072696E676672616D65776F726B2F73656375726974792F636F72652F41757468656E7469636174696F6E3B787200476F72672E737072696E676672616D65776F726B2E73656375726974792E61757468656E7469636174696F6E2E416273747261637441757468656E7469636174696F6E546F6B656ED3AA287E6E47640E0200035A000D61757468656E746963617465644C000B617574686F7269746965737400164C6A6176612F7574696C2F436F6C6C656374696F6E3B4C000764657461696C737400124C6A6176612F6C616E672F4F626A6563743B787000737200266A6176612E7574696C2E436F6C6C656374696F6E7324556E6D6F6469666961626C654C6973743F2531B5EC3F0200014C00046C6973747400104C6A6176612F7574696C2F4C6973743B7872002C6A6176612E7574696C2E436F6C6C656374696F6E7324556E6D6F6469666961626C65436F6C6C656374696F6E19420080CB5E3F0200014C00016371007E00047870737200136A6176612E7574696C2E41727261794C6973747881D21D99C7613F000149000473697A65787000000003770400000003737200426F72672E737072696E676672616D65776F726B2E73656375726974792E636F72652E617574686F726974792E53696D706C654772616E746564417574686F72697479000000000000013F00014C0004726F6C657400124C6A6176612F6C616E672F537472696E673B7870740014524F4C455FE8B685E7BAA7E7AEA1E79086E591987371007E000D740014524F4C455FE7B3BBE7BB9FE7AEA1E79086E591987371007E000D740011524F4C455FE699AEE9809AE794A8E688B77871007E000C707372003A6F72672E737072696E676672616D65776F726B2E73656375726974792E6F61757468322E70726F76696465722E4F41757468325265717565737400000000000000010200075A0008617070726F7665644C000B617574686F72697469657371007E00044C000A657874656E73696F6E7374000F4C6A6176612F7574696C2F4D61703B4C000B726564697265637455726971007E000E4C00077265667265736874003B4C6F72672F737072696E676672616D65776F726B2F73656375726974792F6F61757468322F70726F76696465722F546F6B656E526571756573743B4C000B7265736F7572636549647374000F4C6A6176612F7574696C2F5365743B4C000D726573706F6E7365547970657371007E0018787200386F72672E737072696E676672616D65776F726B2E73656375726974792E6F61757468322E70726F76696465722E426173655265717565737436287A3EA371693F00034C0008636C69656E74496471007E000E4C001172657175657374506172616D657465727371007E00164C000573636F706571007E001878707400066A616E636865737200256A6176612E7574696C2E436F6C6C656374696F6E7324556E6D6F6469666961626C654D6170F1A5A8FE743F420200014C00016D71007E00167870737200116A6176612E7574696C2E486173684D61700507DAC13F603F000246000A6C6F6164466163746F724900097468726573686F6C6478703F400000000000067708000000080000000474000D726573706F6E73655F74797065740004636F646574000C72656469726563745F75726974001868747470733A2F2F6A616E6368652E6769746875622E696F740009636C69656E745F696471007E001B74000573636F7065740003616C6C78737200256A6176612E7574696C2E436F6C6C656374696F6E7324556E6D6F6469666961626C65536574801D92D18F9B80550200007871007E0009737200176A6176612E7574696C2E4C696E6B656448617368536574D86CD75A95DD2A1E020000787200116A6176612E7574696C2E48617368536574BA44859596B83F0300007870770C000000103F4000000000000171007E002678017371007E002A770C000000103F40000000000000787371007E001E3F40000000000000770800000010000000007874001868747470733A2F2F6A616E6368652E6769746875622E696F707371007E002A770C000000103F400000000000017400066F6175746832787371007E002A770C000000103F4000000000000171007E0021787372004F6F72672E737072696E676672616D65776F726B2E73656375726974792E61757468656E7469636174696F6E2E557365726E616D6550617373776F726441757468656E7469636174696F6E546F6B656E000000000000013F00024C000B63726564656E7469616C7371007E00054C00097072696E636970616C71007E00057871007E0003017371007E00077371007E000B0000000377040000000371007E000F71007E001171007E00137871007E0035737200486F72672E737072696E676672616D65776F726B2E73656375726974792E7765622E61757468656E7469636174696F6E2E57656241757468656E7469636174696F6E44657461696C73000000000000013F00024C000D72656D6F74654164647265737371007E000E4C000973657373696F6E496471007E000E787074000F303A303A303A303A303A303A303A3174002461346137653561352D396164372D343833352D383337642D3331326565323933373763637073720037636F6D2E6578616D706C652E6A616E6368652E73656375726974792E61757468656E7469636174696F6E2E536563757269747955736572A98506083D3F640200044C00116163636F756E744E6F6E457870697265647400134C6A6176612F6C616E672F426F6F6C65616E3B4C00106163636F756E744E6F6E4C6F636B656471007E003B4C001563726564656E7469616C734E6F6E4578706972656471007E003B4C0007656E61626C656471007E003B78720028636F6D2E6578616D706C652E6A616E6368652E757365722E64746F2E4C6F67696E5573657244544FACF03F3F3F02000F4900037365784C000A61637475616C4E616D6571007E000E4C00076164647265737371007E000E4C000A63726561746554696D657400104C6A6176612F7574696C2F446174653B4C0005656D61696C71007E000E4C000269647400104C6A6176612F6C616E672F4C6F6E673B4C00056D656E757371007E00084C000A6D6F6469667954696D6571007E003D4C000870617373776F726471007E000E4C000570686F6E6571007E000E4C0006706F737449647400134C6A6176612F6C616E672F496E74656765723B4C0008706F73744E616D6571007E000E4C0005726F6C657371007E00084C000673746174757371007E003F4C0008757365726E616D6571007E000E7870000000007400064A616E63686574000DE4B8ADE59BBD20E68890E983BD7372000E6A6176612E7574696C2E44617465686A3F4B5974190300007870770800000165BEDBC2F0787400106C69726F6E675F78784071712E636F6D7372000E6A6176612E6C616E672E4C6F6E673B8BE490CC3F3F00014A000576616C7565787200106A6176612E6C616E672E4E756D62657286AC3F0B94E03F0000787000000000000000017371007E000B0000000D77040000000D73720028636F6D2E6578616D706C652E6A616E6368652E757365722E646F6D61696E2E4D656E7552696768745D99644623AFF96302000B4C000A63726561746554696D6571007E003D4C000667726164657371007E003F4C000469636F6E71007E000E4C0002696471007E003E4C00066D6574686F6471007E000E4C000A6D6F6469667954696D6571007E003D4C00046E616D6571007E000E4C0008706172656E74496471007E003E4C000373657171007E003F4C000673746174757371007E003F4C000375726C71007E000E78707371007E00437708000001683396CF2078737200116A6176612E6C616E672E496E746567657212E2A0A4F781873802000149000576616C75657871007E00470000000174000071007E004874000070740006E9A696E9A1B57371007E0046000000000000000071007E004E71007E004E7400052F686F6D657371007E004A7371007E00437708000001683396CF207871007E004E7400007371007E004600000000000000027400007074000CE7B3BBE7BB9FE7AEA1E7908671007E004871007E004E71007E004E7400112F53797374656D4D616E6167656D656E747371007E004A7371007E00437708000001683396CF207871007E004E7400007371007E004600000000000000037400007074000CE697A5E5BF97E7AEA1E7908671007E00487371007E004D0000000271007E004E7400222F6F7065726174696F6E4D616E6167656D656E742F6C6F674D616E6167656D656E747371007E004A7371007E00437708000001683396CF207871007E004E7400007371007E004600000000000000147400007074000CE794A8E688B7E7AEA1E7908671007E005771007E006171007E004E7400202F53797374656D4D616E6167656D656E742F757365724D616E6167656D656E747371007E004A7371007E00437708000001683396CF207871007E004E7400007371007E004600000000000000157400007074000CE8A792E889B2E7AEA1E7908671007E005771007E006171007E004E7400202F53797374656D4D616E6167656D656E742F726F6C654D616E6167656D656E747371007E004A7371007E00437708000001683396CF20787371007E004D000000037400007371007E004600000000000000C9740004504F53547074000CE6B7BBE58AA0E794A8E688B771007E006671007E007371007E004E7400092F757365722F6164647371007E004A7371007E00437708000001683396CF207871007E00737400007371007E004600000000000000CA74000644454C4554457074000CE588A0E999A4E794A8E688B771007E006671007E007371007E004E74000E2F757365722F64656C6574652F2A7371007E004A7371007E00437708000001683396CF207871007E00737400007371007E004600000000000000CB7400035055547074000CE4BFAEE694B9E794A8E688B771007E006671007E007371007E004E74000C2F757365722F7570646174657371007E004A7371007E004377080000016CAAADDDE87871007E0073707371007E004600000000000000CC7400034745547074000CE794A8E688B7E58897E8A1A871007E006671007E007371007E004E74000A2F757365722F6C6973747371007E004A7371007E00437708000001683396CF207871007E00737400007371007E004600000000000000D27400034745547074000CE8A792E889B2E58897E8A1A871007E006D71007E007371007E004E74000A2F726F6C652F6C6973747371007E004A7371007E00437708000001683396CF207871007E00737400007371007E004600000000000000D374000644454C4554457074000CE588A0E999A4E8A792E889B271007E006D71007E007371007E004E74000E2F726F6C652F64656C6574652F2A7371007E004A7371007E00437708000001683396CF207871007E00737400007371007E004600000000000000D47400034745547074000CE6B7BBE58AA0E8A792E889B271007E006D71007E007371007E004E7400092F726F6C652F6164647371007E004A7371007E00437708000001683396CF207871007E00737400007371007E004600000000000000D57400034745547074000CE4BFAEE694B9E8A792E889B271007E006D71007E007371007E004E74000C2F726F6C652F757064617465787371007E004377080000016850FA4AD87874003C243261243130244578697748593848766650506F4432665279546B51756F4567304C47422E68783632544754385333667769484369414D41714852717400063132343536317371007E004D00000004707371007E000B0000000377040000000373720023636F6D2E6578616D706C652E6A616E6368652E757365722E646F6D61696E2E526F6C6519619D917DC36A7F0200074C000A63726561746554696D6571007E003D4C000B6465736372697074696F6E71007E000E4C0002696471007E003E4C000A6D6F6469667954696D6571007E003D4C00046E616D6571007E000E4C000373657171007E003F4C000673746174757371007E003F78707371007E004377080000016737352CB87874000FE8B685E7BAA7E7AEA1E79086E5919871007E00487371007E004377080000016CAABE31987874000FE8B685E7BAA7E7AEA1E79086E591987071007E004E7371007E00AE7371007E004377080000016737351D187874000FE7B3BBE7BB9FE7AEA1E79086E5919871007E00577371007E0043770800000168716F6B907874000FE7B3BBE7BB9FE7AEA1E79086E591987071007E004E7371007E00AE7371007E004377080000016BE07279587874000CE699AEE9809AE794A8E688B771007E005E7371007E004377080000016CAABA78787874000CE699AEE9809AE794A8E688B77071007E004E7871007E004E74000561646D696E737200116A6176612E6C616E672E426F6F6C65616E3F7280D59CFAEE0200015A000576616C756578700171007E00C071007E00C071007E003F),
	('2020-06-01 21:49:58', 'bhNr3W', _binary 0xACED0005737200416F72672E737072696E676672616D65776F726B2E73656375726974792E6F61757468322E70726F76696465722E4F417574683241757468656E7469636174696F6EBD400B02166252130200024C000D73746F7265645265717565737474003C4C6F72672F737072696E676672616D65776F726B2F73656375726974792F6F61757468322F70726F76696465722F4F4175746832526571756573743B4C00127573657241757468656E7469636174696F6E7400324C6F72672F737072696E676672616D65776F726B2F73656375726974792F636F72652F41757468656E7469636174696F6E3B787200476F72672E737072696E676672616D65776F726B2E73656375726974792E61757468656E7469636174696F6E2E416273747261637441757468656E7469636174696F6E546F6B656ED3AA287E6E47640E0200035A000D61757468656E746963617465644C000B617574686F7269746965737400164C6A6176612F7574696C2F436F6C6C656374696F6E3B4C000764657461696C737400124C6A6176612F6C616E672F4F626A6563743B787000737200266A6176612E7574696C2E436F6C6C656374696F6E7324556E6D6F6469666961626C654C6973743F2531B5EC3F0200014C00046C6973747400104C6A6176612F7574696C2F4C6973743B7872002C6A6176612E7574696C2E436F6C6C656374696F6E7324556E6D6F6469666961626C65436F6C6C656374696F6E19420080CB5E3F0200014C00016371007E00047870737200136A6176612E7574696C2E41727261794C6973747881D21D99C7613F000149000473697A65787000000003770400000003737200426F72672E737072696E676672616D65776F726B2E73656375726974792E636F72652E617574686F726974792E53696D706C654772616E746564417574686F72697479000000000000013F00014C0004726F6C657400124C6A6176612F6C616E672F537472696E673B7870740014524F4C455FE8B685E7BAA7E7AEA1E79086E591987371007E000D740014524F4C455FE7B3BBE7BB9FE7AEA1E79086E591987371007E000D740011524F4C455FE699AEE9809AE794A8E688B77871007E000C707372003A6F72672E737072696E676672616D65776F726B2E73656375726974792E6F61757468322E70726F76696465722E4F41757468325265717565737400000000000000010200075A0008617070726F7665644C000B617574686F72697469657371007E00044C000A657874656E73696F6E7374000F4C6A6176612F7574696C2F4D61703B4C000B726564697265637455726971007E000E4C00077265667265736874003B4C6F72672F737072696E676672616D65776F726B2F73656375726974792F6F61757468322F70726F76696465722F546F6B656E526571756573743B4C000B7265736F7572636549647374000F4C6A6176612F7574696C2F5365743B4C000D726573706F6E7365547970657371007E0018787200386F72672E737072696E676672616D65776F726B2E73656375726974792E6F61757468322E70726F76696465722E426173655265717565737436287A3EA371693F00034C0008636C69656E74496471007E000E4C001172657175657374506172616D657465727371007E00164C000573636F706571007E001878707400066A616E636865737200256A6176612E7574696C2E436F6C6C656374696F6E7324556E6D6F6469666961626C654D6170F1A5A8FE743F420200014C00016D71007E00167870737200116A6176612E7574696C2E486173684D61700507DAC13F603F000246000A6C6F6164466163746F724900097468726573686F6C6478703F400000000000067708000000080000000474000D726573706F6E73655F74797065740004636F646574000C72656469726563745F75726974001868747470733A2F2F6A616E6368652E6769746875622E696F740009636C69656E745F696471007E001B74000573636F7065740003616C6C78737200256A6176612E7574696C2E436F6C6C656374696F6E7324556E6D6F6469666961626C65536574801D92D18F9B80550200007871007E0009737200176A6176612E7574696C2E4C696E6B656448617368536574D86CD75A95DD2A1E020000787200116A6176612E7574696C2E48617368536574BA44859596B83F0300007870770C000000103F4000000000000171007E002678017371007E002A770C000000103F40000000000000787371007E001E3F40000000000000770800000010000000007874001868747470733A2F2F6A616E6368652E6769746875622E696F707371007E002A770C000000103F400000000000017400066F6175746832787371007E002A770C000000103F4000000000000171007E0021787372004F6F72672E737072696E676672616D65776F726B2E73656375726974792E61757468656E7469636174696F6E2E557365726E616D6550617373776F726441757468656E7469636174696F6E546F6B656E000000000000013F00024C000B63726564656E7469616C7371007E00054C00097072696E636970616C71007E00057871007E0003017371007E00077371007E000B0000000377040000000371007E000F71007E001171007E00137871007E0035737200486F72672E737072696E676672616D65776F726B2E73656375726974792E7765622E61757468656E7469636174696F6E2E57656241757468656E7469636174696F6E44657461696C73000000000000013F00024C000D72656D6F74654164647265737371007E000E4C000973657373696F6E496471007E000E787074000F303A303A303A303A303A303A303A3174002432303730383630622D383036622D346564632D623465642D6531623839376366323162347073720037636F6D2E6578616D706C652E6A616E6368652E73656375726974792E61757468656E7469636174696F6E2E536563757269747955736572A98506083D3F640200044C00116163636F756E744E6F6E457870697265647400134C6A6176612F6C616E672F426F6F6C65616E3B4C00106163636F756E744E6F6E4C6F636B656471007E003B4C001563726564656E7469616C734E6F6E4578706972656471007E003B4C0007656E61626C656471007E003B78720028636F6D2E6578616D706C652E6A616E6368652E757365722E64746F2E4C6F67696E5573657244544FACF03F3F3F02000F4900037365784C000A61637475616C4E616D6571007E000E4C00076164647265737371007E000E4C000A63726561746554696D657400104C6A6176612F7574696C2F446174653B4C0005656D61696C71007E000E4C000269647400104C6A6176612F6C616E672F4C6F6E673B4C00056D656E757371007E00084C000A6D6F6469667954696D6571007E003D4C000870617373776F726471007E000E4C000570686F6E6571007E000E4C0006706F737449647400134C6A6176612F6C616E672F496E74656765723B4C0008706F73744E616D6571007E000E4C0005726F6C657371007E00084C000673746174757371007E003F4C0008757365726E616D6571007E000E7870000000007400064A616E63686574000DE4B8ADE59BBD20E68890E983BD7372000E6A6176612E7574696C2E44617465686A3F4B5974190300007870770800000165BEDBC2F0787400106C69726F6E675F78784071712E636F6D7372000E6A6176612E6C616E672E4C6F6E673B8BE490CC3F3F00014A000576616C7565787200106A6176612E6C616E672E4E756D62657286AC3F0B94E03F0000787000000000000000017371007E000B0000000D77040000000D73720028636F6D2E6578616D706C652E6A616E6368652E757365722E646F6D61696E2E4D656E7552696768745D99644623AFF96302000B4C000A63726561746554696D6571007E003D4C000667726164657371007E003F4C000469636F6E71007E000E4C0002696471007E003E4C00066D6574686F6471007E000E4C000A6D6F6469667954696D6571007E003D4C00046E616D6571007E000E4C0008706172656E74496471007E003E4C000373657171007E003F4C000673746174757371007E003F4C000375726C71007E000E78707371007E00437708000001683396CF2078737200116A6176612E6C616E672E496E746567657212E2A0A4F781873802000149000576616C75657871007E00470000000174000071007E004874000070740006E9A696E9A1B57371007E0046000000000000000071007E004E71007E004E7400052F686F6D657371007E004A7371007E00437708000001683396CF207871007E004E7400007371007E004600000000000000027400007074000CE7B3BBE7BB9FE7AEA1E7908671007E004871007E004E71007E004E7400112F53797374656D4D616E6167656D656E747371007E004A7371007E00437708000001683396CF207871007E004E7400007371007E004600000000000000037400007074000CE697A5E5BF97E7AEA1E7908671007E00487371007E004D0000000271007E004E7400222F6F7065726174696F6E4D616E6167656D656E742F6C6F674D616E6167656D656E747371007E004A7371007E00437708000001683396CF207871007E004E7400007371007E004600000000000000147400007074000CE794A8E688B7E7AEA1E7908671007E005771007E006171007E004E7400202F53797374656D4D616E6167656D656E742F757365724D616E6167656D656E747371007E004A7371007E00437708000001683396CF207871007E004E7400007371007E004600000000000000157400007074000CE8A792E889B2E7AEA1E7908671007E005771007E006171007E004E7400202F53797374656D4D616E6167656D656E742F726F6C654D616E6167656D656E747371007E004A7371007E00437708000001683396CF20787371007E004D000000037400007371007E004600000000000000C9740004504F53547074000CE6B7BBE58AA0E794A8E688B771007E006671007E007371007E004E7400092F757365722F6164647371007E004A7371007E00437708000001683396CF207871007E00737400007371007E004600000000000000CA74000644454C4554457074000CE588A0E999A4E794A8E688B771007E006671007E007371007E004E74000E2F757365722F64656C6574652F2A7371007E004A7371007E00437708000001683396CF207871007E00737400007371007E004600000000000000CB7400035055547074000CE4BFAEE694B9E794A8E688B771007E006671007E007371007E004E74000C2F757365722F7570646174657371007E004A7371007E004377080000016CAAADDDE87871007E0073707371007E004600000000000000CC7400034745547074000CE794A8E688B7E58897E8A1A871007E006671007E007371007E004E74000A2F757365722F6C6973747371007E004A7371007E00437708000001683396CF207871007E00737400007371007E004600000000000000D27400034745547074000CE8A792E889B2E58897E8A1A871007E006D71007E007371007E004E74000A2F726F6C652F6C6973747371007E004A7371007E00437708000001683396CF207871007E00737400007371007E004600000000000000D374000644454C4554457074000CE588A0E999A4E8A792E889B271007E006D71007E007371007E004E74000E2F726F6C652F64656C6574652F2A7371007E004A7371007E00437708000001683396CF207871007E00737400007371007E004600000000000000D47400034745547074000CE6B7BBE58AA0E8A792E889B271007E006D71007E007371007E004E7400092F726F6C652F6164647371007E004A7371007E00437708000001683396CF207871007E00737400007371007E004600000000000000D57400034745547074000CE4BFAEE694B9E8A792E889B271007E006D71007E007371007E004E74000C2F726F6C652F757064617465787371007E004377080000016850FA4AD87874003C243261243130244578697748593848766650506F4432665279546B51756F4567304C47422E68783632544754385333667769484369414D41714852717400063132343536317371007E004D00000004707371007E000B0000000377040000000373720023636F6D2E6578616D706C652E6A616E6368652E757365722E646F6D61696E2E526F6C6519619D917DC36A7F0200074C000A63726561746554696D6571007E003D4C000B6465736372697074696F6E71007E000E4C0002696471007E003E4C000A6D6F6469667954696D6571007E003D4C00046E616D6571007E000E4C000373657171007E003F4C000673746174757371007E003F78707371007E004377080000016737352CB87874000FE8B685E7BAA7E7AEA1E79086E5919871007E00487371007E004377080000016CAABE31987874000FE8B685E7BAA7E7AEA1E79086E591987071007E004E7371007E00AE7371007E004377080000016737351D187874000FE7B3BBE7BB9FE7AEA1E79086E5919871007E00577371007E0043770800000168716F6B907874000FE7B3BBE7BB9FE7AEA1E79086E591987071007E004E7371007E00AE7371007E004377080000016BE07279587874000CE699AEE9809AE794A8E688B771007E005E7371007E004377080000016CAABA78787874000CE699AEE9809AE794A8E688B77071007E004E7871007E004E74000561646D696E737200116A6176612E6C616E672E426F6F6C65616E3F7280D59CFAEE0200015A000576616C756578700171007E00C071007E00C071007E003F),
	('2020-06-01 21:52:14', 'nv14Lg', _binary 0xACED0005737200416F72672E737072696E676672616D65776F726B2E73656375726974792E6F61757468322E70726F76696465722E4F417574683241757468656E7469636174696F6EBD400B02166252130200024C000D73746F7265645265717565737474003C4C6F72672F737072696E676672616D65776F726B2F73656375726974792F6F61757468322F70726F76696465722F4F4175746832526571756573743B4C00127573657241757468656E7469636174696F6E7400324C6F72672F737072696E676672616D65776F726B2F73656375726974792F636F72652F41757468656E7469636174696F6E3B787200476F72672E737072696E676672616D65776F726B2E73656375726974792E61757468656E7469636174696F6E2E416273747261637441757468656E7469636174696F6E546F6B656ED3AA287E6E47640E0200035A000D61757468656E746963617465644C000B617574686F7269746965737400164C6A6176612F7574696C2F436F6C6C656374696F6E3B4C000764657461696C737400124C6A6176612F6C616E672F4F626A6563743B787000737200266A6176612E7574696C2E436F6C6C656374696F6E7324556E6D6F6469666961626C654C6973743F2531B5EC3F0200014C00046C6973747400104C6A6176612F7574696C2F4C6973743B7872002C6A6176612E7574696C2E436F6C6C656374696F6E7324556E6D6F6469666961626C65436F6C6C656374696F6E19420080CB5E3F0200014C00016371007E00047870737200136A6176612E7574696C2E41727261794C6973747881D21D99C7613F000149000473697A65787000000003770400000003737200426F72672E737072696E676672616D65776F726B2E73656375726974792E636F72652E617574686F726974792E53696D706C654772616E746564417574686F72697479000000000000013F00014C0004726F6C657400124C6A6176612F6C616E672F537472696E673B7870740014524F4C455FE8B685E7BAA7E7AEA1E79086E591987371007E000D740014524F4C455FE7B3BBE7BB9FE7AEA1E79086E591987371007E000D740011524F4C455FE699AEE9809AE794A8E688B77871007E000C707372003A6F72672E737072696E676672616D65776F726B2E73656375726974792E6F61757468322E70726F76696465722E4F41757468325265717565737400000000000000010200075A0008617070726F7665644C000B617574686F72697469657371007E00044C000A657874656E73696F6E7374000F4C6A6176612F7574696C2F4D61703B4C000B726564697265637455726971007E000E4C00077265667265736874003B4C6F72672F737072696E676672616D65776F726B2F73656375726974792F6F61757468322F70726F76696465722F546F6B656E526571756573743B4C000B7265736F7572636549647374000F4C6A6176612F7574696C2F5365743B4C000D726573706F6E7365547970657371007E0018787200386F72672E737072696E676672616D65776F726B2E73656375726974792E6F61757468322E70726F76696465722E426173655265717565737436287A3EA371693F00034C0008636C69656E74496471007E000E4C001172657175657374506172616D657465727371007E00164C000573636F706571007E001878707400066A616E636865737200256A6176612E7574696C2E436F6C6C656374696F6E7324556E6D6F6469666961626C654D6170F1A5A8FE743F420200014C00016D71007E00167870737200116A6176612E7574696C2E486173684D61700507DAC13F603F000246000A6C6F6164466163746F724900097468726573686F6C6478703F400000000000067708000000080000000474000D726573706F6E73655F74797065740004636F646574000C72656469726563745F75726974001868747470733A2F2F6A616E6368652E6769746875622E696F740009636C69656E745F696471007E001B74000573636F7065740003616C6C78737200256A6176612E7574696C2E436F6C6C656374696F6E7324556E6D6F6469666961626C65536574801D92D18F9B80550200007871007E0009737200176A6176612E7574696C2E4C696E6B656448617368536574D86CD75A95DD2A1E020000787200116A6176612E7574696C2E48617368536574BA44859596B83F0300007870770C000000103F4000000000000171007E002678017371007E002A770C000000103F40000000000000787371007E001E3F40000000000000770800000010000000007874001868747470733A2F2F6A616E6368652E6769746875622E696F707371007E002A770C000000103F400000000000017400066F6175746832787371007E002A770C000000103F4000000000000171007E0021787372004F6F72672E737072696E676672616D65776F726B2E73656375726974792E61757468656E7469636174696F6E2E557365726E616D6550617373776F726441757468656E7469636174696F6E546F6B656E000000000000013F00024C000B63726564656E7469616C7371007E00054C00097072696E636970616C71007E00057871007E0003017371007E00077371007E000B0000000377040000000371007E000F71007E001171007E00137871007E0035737200486F72672E737072696E676672616D65776F726B2E73656375726974792E7765622E61757468656E7469636174696F6E2E57656241757468656E7469636174696F6E44657461696C73000000000000013F00024C000D72656D6F74654164647265737371007E000E4C000973657373696F6E496471007E000E787074000F303A303A303A303A303A303A303A3174002432303730383630622D383036622D346564632D623465642D6531623839376366323162347073720037636F6D2E6578616D706C652E6A616E6368652E73656375726974792E61757468656E7469636174696F6E2E536563757269747955736572A98506083D3F640200044C00116163636F756E744E6F6E457870697265647400134C6A6176612F6C616E672F426F6F6C65616E3B4C00106163636F756E744E6F6E4C6F636B656471007E003B4C001563726564656E7469616C734E6F6E4578706972656471007E003B4C0007656E61626C656471007E003B78720028636F6D2E6578616D706C652E6A616E6368652E757365722E64746F2E4C6F67696E5573657244544FACF03F3F3F02000F4900037365784C000A61637475616C4E616D6571007E000E4C00076164647265737371007E000E4C000A63726561746554696D657400104C6A6176612F7574696C2F446174653B4C0005656D61696C71007E000E4C000269647400104C6A6176612F6C616E672F4C6F6E673B4C00056D656E757371007E00084C000A6D6F6469667954696D6571007E003D4C000870617373776F726471007E000E4C000570686F6E6571007E000E4C0006706F737449647400134C6A6176612F6C616E672F496E74656765723B4C0008706F73744E616D6571007E000E4C0005726F6C657371007E00084C000673746174757371007E003F4C0008757365726E616D6571007E000E7870000000007400064A616E63686574000DE4B8ADE59BBD20E68890E983BD7372000E6A6176612E7574696C2E44617465686A3F4B5974190300007870770800000165BEDBC2F0787400106C69726F6E675F78784071712E636F6D7372000E6A6176612E6C616E672E4C6F6E673B8BE490CC3F3F00014A000576616C7565787200106A6176612E6C616E672E4E756D62657286AC3F0B94E03F0000787000000000000000017371007E000B0000000D77040000000D73720028636F6D2E6578616D706C652E6A616E6368652E757365722E646F6D61696E2E4D656E7552696768745D99644623AFF96302000B4C000A63726561746554696D6571007E003D4C000667726164657371007E003F4C000469636F6E71007E000E4C0002696471007E003E4C00066D6574686F6471007E000E4C000A6D6F6469667954696D6571007E003D4C00046E616D6571007E000E4C0008706172656E74496471007E003E4C000373657171007E003F4C000673746174757371007E003F4C000375726C71007E000E78707371007E00437708000001683396CF2078737200116A6176612E6C616E672E496E746567657212E2A0A4F781873802000149000576616C75657871007E00470000000174000071007E004874000070740006E9A696E9A1B57371007E0046000000000000000071007E004E71007E004E7400052F686F6D657371007E004A7371007E00437708000001683396CF207871007E004E7400007371007E004600000000000000027400007074000CE7B3BBE7BB9FE7AEA1E7908671007E004871007E004E71007E004E7400112F53797374656D4D616E6167656D656E747371007E004A7371007E00437708000001683396CF207871007E004E7400007371007E004600000000000000037400007074000CE697A5E5BF97E7AEA1E7908671007E00487371007E004D0000000271007E004E7400222F6F7065726174696F6E4D616E6167656D656E742F6C6F674D616E6167656D656E747371007E004A7371007E00437708000001683396CF207871007E004E7400007371007E004600000000000000147400007074000CE794A8E688B7E7AEA1E7908671007E005771007E006171007E004E7400202F53797374656D4D616E6167656D656E742F757365724D616E6167656D656E747371007E004A7371007E00437708000001683396CF207871007E004E7400007371007E004600000000000000157400007074000CE8A792E889B2E7AEA1E7908671007E005771007E006171007E004E7400202F53797374656D4D616E6167656D656E742F726F6C654D616E6167656D656E747371007E004A7371007E00437708000001683396CF20787371007E004D000000037400007371007E004600000000000000C9740004504F53547074000CE6B7BBE58AA0E794A8E688B771007E006671007E007371007E004E7400092F757365722F6164647371007E004A7371007E00437708000001683396CF207871007E00737400007371007E004600000000000000CA74000644454C4554457074000CE588A0E999A4E794A8E688B771007E006671007E007371007E004E74000E2F757365722F64656C6574652F2A7371007E004A7371007E00437708000001683396CF207871007E00737400007371007E004600000000000000CB7400035055547074000CE4BFAEE694B9E794A8E688B771007E006671007E007371007E004E74000C2F757365722F7570646174657371007E004A7371007E004377080000016CAAADDDE87871007E0073707371007E004600000000000000CC7400034745547074000CE794A8E688B7E58897E8A1A871007E006671007E007371007E004E74000A2F757365722F6C6973747371007E004A7371007E00437708000001683396CF207871007E00737400007371007E004600000000000000D27400034745547074000CE8A792E889B2E58897E8A1A871007E006D71007E007371007E004E74000A2F726F6C652F6C6973747371007E004A7371007E00437708000001683396CF207871007E00737400007371007E004600000000000000D374000644454C4554457074000CE588A0E999A4E8A792E889B271007E006D71007E007371007E004E74000E2F726F6C652F64656C6574652F2A7371007E004A7371007E00437708000001683396CF207871007E00737400007371007E004600000000000000D47400034745547074000CE6B7BBE58AA0E8A792E889B271007E006D71007E007371007E004E7400092F726F6C652F6164647371007E004A7371007E00437708000001683396CF207871007E00737400007371007E004600000000000000D57400034745547074000CE4BFAEE694B9E8A792E889B271007E006D71007E007371007E004E74000C2F726F6C652F757064617465787371007E004377080000016850FA4AD87874003C243261243130244578697748593848766650506F4432665279546B51756F4567304C47422E68783632544754385333667769484369414D41714852717400063132343536317371007E004D00000004707371007E000B0000000377040000000373720023636F6D2E6578616D706C652E6A616E6368652E757365722E646F6D61696E2E526F6C6519619D917DC36A7F0200074C000A63726561746554696D6571007E003D4C000B6465736372697074696F6E71007E000E4C0002696471007E003E4C000A6D6F6469667954696D6571007E003D4C00046E616D6571007E000E4C000373657171007E003F4C000673746174757371007E003F78707371007E004377080000016737352CB87874000FE8B685E7BAA7E7AEA1E79086E5919871007E00487371007E004377080000016CAABE31987874000FE8B685E7BAA7E7AEA1E79086E591987071007E004E7371007E00AE7371007E004377080000016737351D187874000FE7B3BBE7BB9FE7AEA1E79086E5919871007E00577371007E0043770800000168716F6B907874000FE7B3BBE7BB9FE7AEA1E79086E591987071007E004E7371007E00AE7371007E004377080000016BE07279587874000CE699AEE9809AE794A8E688B771007E005E7371007E004377080000016CAABA78787874000CE699AEE9809AE794A8E688B77071007E004E7871007E004E74000561646D696E737200116A6176612E6C616E672E426F6F6C65616E3F7280D59CFAEE0200015A000576616C756578700171007E00C071007E00C071007E003F);
/*!40000 ALTER TABLE `oauth_code` ENABLE KEYS */;


-- 导出  表 db02.oauth_refresh_token 结构
CREATE TABLE IF NOT EXISTS `oauth_refresh_token` (
  `create_time` timestamp NULL DEFAULT CURRENT_TIMESTAMP,
  `token_id` varchar(255) DEFAULT NULL,
  `token` blob,
  `authentication` blob,
  KEY `token_id_index` (`token_id`) USING BTREE
) ENGINE=InnoDB DEFAULT CHARSET=utf8 ROW_FORMAT=DYNAMIC;

-- 正在导出表  db02.oauth_refresh_token 的数据：~4 rows (大约)
DELETE FROM `oauth_refresh_token`;
/*!40000 ALTER TABLE `oauth_refresh_token` DISABLE KEYS */;
INSERT INTO `oauth_refresh_token` (`create_time`, `token_id`, `token`, `authentication`) VALUES
	('2020-03-20 14:05:45', '4789f007b57c28dbf3f505b6e47f7908', _binary 0xACED00057372004C6F72672E737072696E676672616D65776F726B2E73656375726974792E6F61757468322E636F6D6D6F6E2E44656661756C744578706972696E674F417574683252656672657368546F6B656E2FDF47639DD0C9B70200014C000A65787069726174696F6E7400104C6A6176612F7574696C2F446174653B787200446F72672E737072696E676672616D65776F726B2E73656375726974792E6F61757468322E636F6D6D6F6E2E44656661756C744F417574683252656672657368546F6B656E733F0A6354D45E0200014C000576616C75657400124C6A6176612F6C616E672F537472696E673B787074002437313534383161392D363638632D343935622D626539332D6430383461313263636233397372000E6A6176612E7574696C2E44617465686A3F4B5974190300007870770800000170F693BDDC78, _binary 0xACED0005737200416F72672E737072696E676672616D65776F726B2E73656375726974792E6F61757468322E70726F76696465722E4F417574683241757468656E7469636174696F6EBD400B02166252130200024C000D73746F7265645265717565737474003C4C6F72672F737072696E676672616D65776F726B2F73656375726974792F6F61757468322F70726F76696465722F4F4175746832526571756573743B4C00127573657241757468656E7469636174696F6E7400324C6F72672F737072696E676672616D65776F726B2F73656375726974792F636F72652F41757468656E7469636174696F6E3B787200476F72672E737072696E676672616D65776F726B2E73656375726974792E61757468656E7469636174696F6E2E416273747261637441757468656E7469636174696F6E546F6B656ED3AA287E6E47640E0200035A000D61757468656E746963617465644C000B617574686F7269746965737400164C6A6176612F7574696C2F436F6C6C656374696F6E3B4C000764657461696C737400124C6A6176612F6C616E672F4F626A6563743B787000737200266A6176612E7574696C2E436F6C6C656374696F6E7324556E6D6F6469666961626C654C6973743F2531B5EC3F0200014C00046C6973747400104C6A6176612F7574696C2F4C6973743B7872002C6A6176612E7574696C2E436F6C6C656374696F6E7324556E6D6F6469666961626C65436F6C6C656374696F6E19420080CB5E3F0200014C00016371007E00047870737200136A6176612E7574696C2E41727261794C6973747881D21D99C7613F000149000473697A65787000000003770400000003737200426F72672E737072696E676672616D65776F726B2E73656375726974792E636F72652E617574686F726974792E53696D706C654772616E746564417574686F72697479000000000000013F00014C0004726F6C657400124C6A6176612F6C616E672F537472696E673B7870740014524F4C455FE8B685E7BAA7E7AEA1E79086E591987371007E000D740014524F4C455FE7B3BBE7BB9FE7AEA1E79086E591987371007E000D740011524F4C455FE699AEE9809AE794A8E688B77871007E000C707372003A6F72672E737072696E676672616D65776F726B2E73656375726974792E6F61757468322E70726F76696465722E4F41757468325265717565737400000000000000010200075A0008617070726F7665644C000B617574686F72697469657371007E00044C000A657874656E73696F6E7374000F4C6A6176612F7574696C2F4D61703B4C000B726564697265637455726971007E000E4C00077265667265736874003B4C6F72672F737072696E676672616D65776F726B2F73656375726974792F6F61757468322F70726F76696465722F546F6B656E526571756573743B4C000B7265736F7572636549647374000F4C6A6176612F7574696C2F5365743B4C000D726573706F6E7365547970657371007E0018787200386F72672E737072696E676672616D65776F726B2E73656375726974792E6F61757468322E70726F76696465722E426173655265717565737436287A3EA371693F00034C0008636C69656E74496471007E000E4C001172657175657374506172616D657465727371007E00164C000573636F706571007E00187870740006736865657031737200256A6176612E7574696C2E436F6C6C656374696F6E7324556E6D6F6469666961626C654D6170F1A5A8FE743F420200014C00016D71007E00167870737200116A6176612E7574696C2E486173684D61700507DAC13F603F000246000A6C6F6164466163746F724900097468726573686F6C6478703F400000000000067708000000080000000474000A6772616E745F7479706574000870617373776F7264740009636C69656E745F696474000673686565703174000573636F7065740003616C6C740008757365726E616D6574000561646D696E78737200256A6176612E7574696C2E436F6C6C656374696F6E7324556E6D6F6469666961626C65536574801D92D18F9B80550200007871007E0009737200176A6176612E7574696C2E4C696E6B656448617368536574D86CD75A95DD2A1E020000787200116A6176612E7574696C2E48617368536574BA44859596B83F0300007870770C000000103F4000000000000171007E002578017371007E002B770C000000103F40000000000000787371007E001E3F40000000000000770800000010000000007870707371007E002B770C000000103F400000000000017400066F6175746832787371007E002B770C000000103F40000000000000787372004F6F72672E737072696E676672616D65776F726B2E73656375726974792E61757468656E7469636174696F6E2E557365726E616D6550617373776F726441757468656E7469636174696F6E546F6B656E000000000000013F00024C000B63726564656E7469616C7371007E00054C00097072696E636970616C71007E00057871007E0003017371007E00077371007E000B0000000377040000000371007E000F71007E001171007E00137871007E0035737200176A6176612E7574696C2E4C696E6B6564486173684D617034C04E5C106CC0FB0200015A000B6163636573734F726465727871007E001E3F4000000000000C7708000000100000000571007E002071007E002171007E002471007E002574000D636C69656E745F73656372657474000631323334353671007E002271007E002371007E002671007E002778007073720037636F6D2E6578616D706C652E6A616E6368652E73656375726974792E61757468656E7469636174696F6E2E536563757269747955736572A98506083D3F640200044C00116163636F756E744E6F6E457870697265647400134C6A6176612F6C616E672F426F6F6C65616E3B4C00106163636F756E744E6F6E4C6F636B656471007E003B4C001563726564656E7469616C734E6F6E4578706972656471007E003B4C0007656E61626C656471007E003B78720028636F6D2E6578616D706C652E6A616E6368652E757365722E64746F2E4C6F67696E5573657244544FACF03F3F3F02000F4900037365784C000A61637475616C4E616D6571007E000E4C00076164647265737371007E000E4C000A63726561746554696D657400104C6A6176612F7574696C2F446174653B4C0005656D61696C71007E000E4C000269647400104C6A6176612F6C616E672F4C6F6E673B4C00056D656E757371007E00084C000A6D6F6469667954696D6571007E003D4C000870617373776F726471007E000E4C000570686F6E6571007E000E4C0006706F737449647400134C6A6176612F6C616E672F496E74656765723B4C0008706F73744E616D6571007E000E4C0005726F6C657371007E00084C000673746174757371007E003F4C0008757365726E616D6571007E000E7870000000007400064A616E63686574000DE4B8ADE59BBD20E68890E983BD7372000E6A6176612E7574696C2E44617465686A3F4B5974190300007870770800000165BEDBC2F07874000B31383338323130303132337372000E6A6176612E6C616E672E4C6F6E673B8BE490CC3F3F00014A000576616C7565787200106A6176612E6C616E672E4E756D62657286AC3F0B94E03F0000787000000000000000017371007E000B0000000D77040000000D73720028636F6D2E6578616D706C652E6A616E6368652E757365722E646F6D61696E2E4D656E7552696768745D99644623AFF96302000B4C000A63726561746554696D6571007E003D4C000667726164657371007E003F4C000469636F6E71007E000E4C0002696471007E003E4C00066D6574686F6471007E000E4C000A6D6F6469667954696D6571007E003D4C00046E616D6571007E000E4C0008706172656E74496471007E003E4C000373657171007E003F4C000673746174757371007E003F4C000375726C71007E000E78707371007E00437708000001683396CF2078737200116A6176612E6C616E672E496E746567657212E2A0A4F781873802000149000576616C75657871007E00470000000174000071007E004874000070740006E9A696E9A1B57371007E0046000000000000000071007E004E71007E004E7400052F686F6D657371007E004A7371007E00437708000001683396CF207871007E004E7400007371007E004600000000000000027400007074000CE7B3BBE7BB9FE7AEA1E7908671007E004871007E004E71007E004E7400112F53797374656D4D616E6167656D656E747371007E004A7371007E00437708000001683396CF207871007E004E7400007371007E004600000000000000037400007074000CE697A5E5BF97E7AEA1E7908671007E00487371007E004D0000000271007E004E7400222F6F7065726174696F6E4D616E6167656D656E742F6C6F674D616E6167656D656E747371007E004A7371007E00437708000001683396CF207871007E004E7400007371007E004600000000000000147400007074000CE794A8E688B7E7AEA1E7908671007E005771007E006171007E004E7400202F53797374656D4D616E6167656D656E742F757365724D616E6167656D656E747371007E004A7371007E00437708000001683396CF207871007E004E7400007371007E004600000000000000157400007074000CE8A792E889B2E7AEA1E7908671007E005771007E006171007E004E7400202F53797374656D4D616E6167656D656E742F726F6C654D616E6167656D656E747371007E004A7371007E00437708000001683396CF20787371007E004D000000037400007371007E004600000000000000C9740004504F53547074000CE6B7BBE58AA0E794A8E688B771007E006671007E007371007E004E7400092F757365722F6164647371007E004A7371007E00437708000001683396CF207871007E00737400007371007E004600000000000000CA74000644454C4554457074000CE588A0E999A4E794A8E688B771007E006671007E007371007E004E74000E2F757365722F64656C6574652F2A7371007E004A7371007E00437708000001683396CF207871007E00737400007371007E004600000000000000CB7400035055547074000CE4BFAEE694B9E794A8E688B771007E006671007E007371007E004E74000C2F757365722F7570646174657371007E004A7371007E004377080000016CAAADDDE87871007E0073707371007E004600000000000000CC7400034745547074000CE794A8E688B7E58897E8A1A871007E006671007E007371007E004E74000A2F757365722F6C6973747371007E004A7371007E00437708000001683396CF207871007E00737400007371007E004600000000000000D27400034745547074000CE8A792E889B2E58897E8A1A871007E006D71007E007371007E004E74000A2F726F6C652F6C6973747371007E004A7371007E00437708000001683396CF207871007E00737400007371007E004600000000000000D374000644454C4554457074000CE588A0E999A4E8A792E889B271007E006D71007E007371007E004E74000E2F726F6C652F64656C6574652F2A7371007E004A7371007E00437708000001683396CF207871007E00737400007371007E004600000000000000D47400034745547074000CE6B7BBE58AA0E8A792E889B271007E006D71007E007371007E004E7400092F726F6C652F6164647371007E004A7371007E00437708000001683396CF207871007E00737400007371007E004600000000000000D57400034745547074000CE4BFAEE694B9E8A792E889B271007E006D71007E007371007E004E74000C2F726F6C652F757064617465787371007E004377080000016850FA4AD87874003C24326124313024345A7058614A7953342F6F4C55437349447A316B434F37543767394C745671386844314530504A5177566676493438552E5246372E74000B353632354071712E636F6D7371007E004D00000004707371007E000B0000000377040000000373720023636F6D2E6578616D706C652E6A616E6368652E757365722E646F6D61696E2E526F6C6519619D917DC36A7F0200074C000A63726561746554696D6571007E003D4C000B6465736372697074696F6E71007E000E4C0002696471007E003E4C000A6D6F6469667954696D6571007E003D4C00046E616D6571007E000E4C000373657171007E003F4C000673746174757371007E003F78707371007E004377080000016737352CB87874000FE8B685E7BAA7E7AEA1E79086E5919871007E00487371007E004377080000016CAABE31987874000FE8B685E7BAA7E7AEA1E79086E591987071007E004E7371007E00AE7371007E004377080000016737351D187874000FE7B3BBE7BB9FE7AEA1E79086E5919871007E00577371007E0043770800000168716F6B907874000FE7B3BBE7BB9FE7AEA1E79086E591987071007E004E7371007E00AE7371007E004377080000016BE07279587874000CE699AEE9809AE794A8E688B771007E005E7371007E004377080000016CAABA78787874000CE699AEE9809AE794A8E688B77071007E004E7871007E004E74000561646D696E737200116A6176612E6C616E672E426F6F6C65616E3F7280D59CFAEE0200015A000576616C756578700171007E00C071007E00C071007E003F),
	('2020-03-20 14:21:24', '982a030354537ae41337ec2c735e3d41', _binary 0xACED00057372004C6F72672E737072696E676672616D65776F726B2E73656375726974792E6F61757468322E636F6D6D6F6E2E44656661756C744578706972696E674F417574683252656672657368546F6B656E2FDF47639DD0C9B70200014C000A65787069726174696F6E7400104C6A6176612F7574696C2F446174653B787200446F72672E737072696E676672616D65776F726B2E73656375726974792E6F61757468322E636F6D6D6F6E2E44656661756C744F417574683252656672657368546F6B656E733F0A6354D45E0200014C000576616C75657400124C6A6176612F6C616E672F537472696E673B787074002465323238623862352D616261352D346331652D616331362D3639633765383632633736387372000E6A6176612E7574696C2E44617465686A3F4B5974190300007870770800000170F6A3A8CA78, _binary 0xACED0005737200416F72672E737072696E676672616D65776F726B2E73656375726974792E6F61757468322E70726F76696465722E4F417574683241757468656E7469636174696F6EBD400B02166252130200024C000D73746F7265645265717565737474003C4C6F72672F737072696E676672616D65776F726B2F73656375726974792F6F61757468322F70726F76696465722F4F4175746832526571756573743B4C00127573657241757468656E7469636174696F6E7400324C6F72672F737072696E676672616D65776F726B2F73656375726974792F636F72652F41757468656E7469636174696F6E3B787200476F72672E737072696E676672616D65776F726B2E73656375726974792E61757468656E7469636174696F6E2E416273747261637441757468656E7469636174696F6E546F6B656ED3AA287E6E47640E0200035A000D61757468656E746963617465644C000B617574686F7269746965737400164C6A6176612F7574696C2F436F6C6C656374696F6E3B4C000764657461696C737400124C6A6176612F6C616E672F4F626A6563743B787000737200266A6176612E7574696C2E436F6C6C656374696F6E7324556E6D6F6469666961626C654C6973743F2531B5EC3F0200014C00046C6973747400104C6A6176612F7574696C2F4C6973743B7872002C6A6176612E7574696C2E436F6C6C656374696F6E7324556E6D6F6469666961626C65436F6C6C656374696F6E19420080CB5E3F0200014C00016371007E00047870737200136A6176612E7574696C2E41727261794C6973747881D21D99C7613F000149000473697A65787000000003770400000003737200426F72672E737072696E676672616D65776F726B2E73656375726974792E636F72652E617574686F726974792E53696D706C654772616E746564417574686F72697479000000000000013F00014C0004726F6C657400124C6A6176612F6C616E672F537472696E673B7870740014524F4C455FE8B685E7BAA7E7AEA1E79086E591987371007E000D740014524F4C455FE7B3BBE7BB9FE7AEA1E79086E591987371007E000D740011524F4C455FE699AEE9809AE794A8E688B77871007E000C707372003A6F72672E737072696E676672616D65776F726B2E73656375726974792E6F61757468322E70726F76696465722E4F41757468325265717565737400000000000000010200075A0008617070726F7665644C000B617574686F72697469657371007E00044C000A657874656E73696F6E7374000F4C6A6176612F7574696C2F4D61703B4C000B726564697265637455726971007E000E4C00077265667265736874003B4C6F72672F737072696E676672616D65776F726B2F73656375726974792F6F61757468322F70726F76696465722F546F6B656E526571756573743B4C000B7265736F7572636549647374000F4C6A6176612F7574696C2F5365743B4C000D726573706F6E7365547970657371007E0018787200386F72672E737072696E676672616D65776F726B2E73656375726974792E6F61757468322E70726F76696465722E426173655265717565737436287A3EA371693F00034C0008636C69656E74496471007E000E4C001172657175657374506172616D657465727371007E00164C000573636F706571007E00187870740006736865657031737200256A6176612E7574696C2E436F6C6C656374696F6E7324556E6D6F6469666961626C654D6170F1A5A8FE743F420200014C00016D71007E00167870737200116A6176612E7574696C2E486173684D61700507DAC13F603F000246000A6C6F6164466163746F724900097468726573686F6C6478703F4000000000000C77080000001000000007740004636F646574000652746D59743674000A6772616E745F74797065740012617574686F72697A6174696F6E5F636F646574000573636F7065740003616C6C74000D726573706F6E73655F74797065740004636F646574000C72656469726563745F75726974001B687474703A2F2F6C6F63616C686F73743A383038362F6C6F67696E74000D636C69656E745F736563726574740006313233343536740009636C69656E745F696474000673686565703178737200256A6176612E7574696C2E436F6C6C656374696F6E7324556E6D6F6469666961626C65536574801D92D18F9B80550200007871007E0009737200176A6176612E7574696C2E4C696E6B656448617368536574D86CD75A95DD2A1E020000787200116A6176612E7574696C2E48617368536574BA44859596B83F0300007870770C000000103F4000000000000171007E002578017371007E0031770C000000103F40000000000000787371007E001E3F40000000000000770800000010000000007874001B687474703A2F2F6C6F63616C686F73743A383038362F6C6F67696E707371007E0031770C000000103F400000000000017400066F6175746832787371007E0031770C000000103F4000000000000171007E0027787372004F6F72672E737072696E676672616D65776F726B2E73656375726974792E61757468656E7469636174696F6E2E557365726E616D6550617373776F726441757468656E7469636174696F6E546F6B656E000000000000013F00024C000B63726564656E7469616C7371007E00054C00097072696E636970616C71007E00057871007E0003017371007E00077371007E000B0000000377040000000371007E000F71007E001171007E00137871007E003C737200486F72672E737072696E676672616D65776F726B2E73656375726974792E7765622E61757468656E7469636174696F6E2E57656241757468656E7469636174696F6E44657461696C73000000000000013F00024C000D72656D6F74654164647265737371007E000E4C000973657373696F6E496471007E000E787074000F303A303A303A303A303A303A303A3174002436653561396561632D316436622D343963382D613863382D3537313264376138333730387073720037636F6D2E6578616D706C652E6A616E6368652E73656375726974792E61757468656E7469636174696F6E2E536563757269747955736572A98506083D3F640200044C00116163636F756E744E6F6E457870697265647400134C6A6176612F6C616E672F426F6F6C65616E3B4C00106163636F756E744E6F6E4C6F636B656471007E00424C001563726564656E7469616C734E6F6E4578706972656471007E00424C0007656E61626C656471007E004278720028636F6D2E6578616D706C652E6A616E6368652E757365722E64746F2E4C6F67696E5573657244544FACF03F3F3F02000F4900037365784C000A61637475616C4E616D6571007E000E4C00076164647265737371007E000E4C000A63726561746554696D657400104C6A6176612F7574696C2F446174653B4C0005656D61696C71007E000E4C000269647400104C6A6176612F6C616E672F4C6F6E673B4C00056D656E757371007E00084C000A6D6F6469667954696D6571007E00444C000870617373776F726471007E000E4C000570686F6E6571007E000E4C0006706F737449647400134C6A6176612F6C616E672F496E74656765723B4C0008706F73744E616D6571007E000E4C0005726F6C657371007E00084C000673746174757371007E00464C0008757365726E616D6571007E000E7870000000007400064A616E63686574000DE4B8ADE59BBD20E68890E983BD7372000E6A6176612E7574696C2E44617465686A3F4B5974190300007870770800000165BEDBC2F07874000B31383338323130303132337372000E6A6176612E6C616E672E4C6F6E673B8BE490CC3F3F00014A000576616C7565787200106A6176612E6C616E672E4E756D62657286AC3F0B94E03F0000787000000000000000017371007E000B0000000D77040000000D73720028636F6D2E6578616D706C652E6A616E6368652E757365722E646F6D61696E2E4D656E7552696768745D99644623AFF96302000B4C000A63726561746554696D6571007E00444C000667726164657371007E00464C000469636F6E71007E000E4C0002696471007E00454C00066D6574686F6471007E000E4C000A6D6F6469667954696D6571007E00444C00046E616D6571007E000E4C0008706172656E74496471007E00454C000373657171007E00464C000673746174757371007E00464C000375726C71007E000E78707371007E004A7708000001683396CF2078737200116A6176612E6C616E672E496E746567657212E2A0A4F781873802000149000576616C75657871007E004E0000000174000071007E004F74000070740006E9A696E9A1B57371007E004D000000000000000071007E005571007E00557400052F686F6D657371007E00517371007E004A7708000001683396CF207871007E00557400007371007E004D00000000000000027400007074000CE7B3BBE7BB9FE7AEA1E7908671007E004F71007E005571007E00557400112F53797374656D4D616E6167656D656E747371007E00517371007E004A7708000001683396CF207871007E00557400007371007E004D00000000000000037400007074000CE697A5E5BF97E7AEA1E7908671007E004F7371007E00540000000271007E00557400222F6F7065726174696F6E4D616E6167656D656E742F6C6F674D616E6167656D656E747371007E00517371007E004A7708000001683396CF207871007E00557400007371007E004D00000000000000147400007074000CE794A8E688B7E7AEA1E7908671007E005E71007E006871007E00557400202F53797374656D4D616E6167656D656E742F757365724D616E6167656D656E747371007E00517371007E004A7708000001683396CF207871007E00557400007371007E004D00000000000000157400007074000CE8A792E889B2E7AEA1E7908671007E005E71007E006871007E00557400202F53797374656D4D616E6167656D656E742F726F6C654D616E6167656D656E747371007E00517371007E004A7708000001683396CF20787371007E0054000000037400007371007E004D00000000000000C9740004504F53547074000CE6B7BBE58AA0E794A8E688B771007E006D71007E007A71007E00557400092F757365722F6164647371007E00517371007E004A7708000001683396CF207871007E007A7400007371007E004D00000000000000CA74000644454C4554457074000CE588A0E999A4E794A8E688B771007E006D71007E007A71007E005574000E2F757365722F64656C6574652F2A7371007E00517371007E004A7708000001683396CF207871007E007A7400007371007E004D00000000000000CB7400035055547074000CE4BFAEE694B9E794A8E688B771007E006D71007E007A71007E005574000C2F757365722F7570646174657371007E00517371007E004A77080000016CAAADDDE87871007E007A707371007E004D00000000000000CC7400034745547074000CE794A8E688B7E58897E8A1A871007E006D71007E007A71007E005574000A2F757365722F6C6973747371007E00517371007E004A7708000001683396CF207871007E007A7400007371007E004D00000000000000D27400034745547074000CE8A792E889B2E58897E8A1A871007E007471007E007A71007E005574000A2F726F6C652F6C6973747371007E00517371007E004A7708000001683396CF207871007E007A7400007371007E004D00000000000000D374000644454C4554457074000CE588A0E999A4E8A792E889B271007E007471007E007A71007E005574000E2F726F6C652F64656C6574652F2A7371007E00517371007E004A7708000001683396CF207871007E007A7400007371007E004D00000000000000D47400034745547074000CE6B7BBE58AA0E8A792E889B271007E007471007E007A71007E00557400092F726F6C652F6164647371007E00517371007E004A7708000001683396CF207871007E007A7400007371007E004D00000000000000D57400034745547074000CE4BFAEE694B9E8A792E889B271007E007471007E007A71007E005574000C2F726F6C652F757064617465787371007E004A77080000016850FA4AD87874003C24326124313024345A7058614A7953342F6F4C55437349447A316B434F37543767394C745671386844314530504A5177566676493438552E5246372E74000B353632354071712E636F6D7371007E005400000004707371007E000B0000000377040000000373720023636F6D2E6578616D706C652E6A616E6368652E757365722E646F6D61696E2E526F6C6519619D917DC36A7F0200074C000A63726561746554696D6571007E00444C000B6465736372697074696F6E71007E000E4C0002696471007E00454C000A6D6F6469667954696D6571007E00444C00046E616D6571007E000E4C000373657171007E00464C000673746174757371007E004678707371007E004A77080000016737352CB87874000FE8B685E7BAA7E7AEA1E79086E5919871007E004F7371007E004A77080000016CAABE31987874000FE8B685E7BAA7E7AEA1E79086E591987071007E00557371007E00B57371007E004A77080000016737351D187874000FE7B3BBE7BB9FE7AEA1E79086E5919871007E005E7371007E004A770800000168716F6B907874000FE7B3BBE7BB9FE7AEA1E79086E591987071007E00557371007E00B57371007E004A77080000016BE07279587874000CE699AEE9809AE794A8E688B771007E00657371007E004A77080000016CAABA78787874000CE699AEE9809AE794A8E688B77071007E00557871007E005574000561646D696E737200116A6176612E6C616E672E426F6F6C65616E3F7280D59CFAEE0200015A000576616C756578700171007E00C771007E00C771007E003F),
	('2020-06-01 22:03:15', 'f697ff493db93b21c5717408e20e7291', _binary 0xACED00057372004C6F72672E737072696E676672616D65776F726B2E73656375726974792E6F61757468322E636F6D6D6F6E2E44656661756C744578706972696E674F417574683252656672657368546F6B656E2FDF47639DD0C9B70200014C000A65787069726174696F6E7400104C6A6176612F7574696C2F446174653B787200446F72672E737072696E676672616D65776F726B2E73656375726974792E6F61757468322E636F6D6D6F6E2E44656661756C744F417574683252656672657368546F6B656E733F0A6354D45E0200014C000576616C75657400124C6A6176612F6C616E672F537472696E673B787074002430316339393466382D666336362D346162382D613535622D3865356534663465363863377372000E6A6176612E7574696C2E44617465686A3F4B5974190300007870770800000172703AB7BB78, _binary 0xACED0005737200416F72672E737072696E676672616D65776F726B2E73656375726974792E6F61757468322E70726F76696465722E4F417574683241757468656E7469636174696F6EBD400B02166252130200024C000D73746F7265645265717565737474003C4C6F72672F737072696E676672616D65776F726B2F73656375726974792F6F61757468322F70726F76696465722F4F4175746832526571756573743B4C00127573657241757468656E7469636174696F6E7400324C6F72672F737072696E676672616D65776F726B2F73656375726974792F636F72652F41757468656E7469636174696F6E3B787200476F72672E737072696E676672616D65776F726B2E73656375726974792E61757468656E7469636174696F6E2E416273747261637441757468656E7469636174696F6E546F6B656ED3AA287E6E47640E0200035A000D61757468656E746963617465644C000B617574686F7269746965737400164C6A6176612F7574696C2F436F6C6C656374696F6E3B4C000764657461696C737400124C6A6176612F6C616E672F4F626A6563743B787000737200266A6176612E7574696C2E436F6C6C656374696F6E7324556E6D6F6469666961626C654C6973743F2531B5EC3F0200014C00046C6973747400104C6A6176612F7574696C2F4C6973743B7872002C6A6176612E7574696C2E436F6C6C656374696F6E7324556E6D6F6469666961626C65436F6C6C656374696F6E19420080CB5E3F0200014C00016371007E00047870737200136A6176612E7574696C2E41727261794C6973747881D21D99C7613F000149000473697A65787000000003770400000003737200426F72672E737072696E676672616D65776F726B2E73656375726974792E636F72652E617574686F726974792E53696D706C654772616E746564417574686F72697479000000000000013F00014C0004726F6C657400124C6A6176612F6C616E672F537472696E673B7870740014524F4C455FE8B685E7BAA7E7AEA1E79086E591987371007E000D740014524F4C455FE7B3BBE7BB9FE7AEA1E79086E591987371007E000D740011524F4C455FE699AEE9809AE794A8E688B77871007E000C707372003A6F72672E737072696E676672616D65776F726B2E73656375726974792E6F61757468322E70726F76696465722E4F41757468325265717565737400000000000000010200075A0008617070726F7665644C000B617574686F72697469657371007E00044C000A657874656E73696F6E7374000F4C6A6176612F7574696C2F4D61703B4C000B726564697265637455726971007E000E4C00077265667265736874003B4C6F72672F737072696E676672616D65776F726B2F73656375726974792F6F61757468322F70726F76696465722F546F6B656E526571756573743B4C000B7265736F7572636549647374000F4C6A6176612F7574696C2F5365743B4C000D726573706F6E7365547970657371007E0018787200386F72672E737072696E676672616D65776F726B2E73656375726974792E6F61757468322E70726F76696465722E426173655265717565737436287A3EA371693F00034C0008636C69656E74496471007E000E4C001172657175657374506172616D657465727371007E00164C000573636F706571007E001878707400066A616E636865737200256A6176612E7574696C2E436F6C6C656374696F6E7324556E6D6F6469666961626C654D6170F1A5A8FE743F420200014C00016D71007E00167870737200116A6176612E7574696C2E486173684D61700507DAC13F603F000246000A6C6F6164466163746F724900097468726573686F6C6478703F4000000000000C77080000001000000007740004636F64657400066A48446B675374000A6772616E745F74797065740012617574686F72697A6174696F6E5F636F646574000573636F7065740003616C6C74000D726573706F6E73655F74797065740004636F646574000C72656469726563745F75726974001868747470733A2F2F6A616E6368652E6769746875622E696F74000D636C69656E745F736563726574740006313233343536740009636C69656E745F69647400066A616E63686578737200256A6176612E7574696C2E436F6C6C656374696F6E7324556E6D6F6469666961626C65536574801D92D18F9B80550200007871007E0009737200176A6176612E7574696C2E4C696E6B656448617368536574D86CD75A95DD2A1E020000787200116A6176612E7574696C2E48617368536574BA44859596B83F0300007870770C000000103F4000000000000171007E002578017371007E0031770C000000103F40000000000000787371007E001E3F40000000000000770800000010000000007874001868747470733A2F2F6A616E6368652E6769746875622E696F707371007E0031770C000000103F400000000000017400066F6175746832787371007E0031770C000000103F4000000000000171007E0027787372004F6F72672E737072696E676672616D65776F726B2E73656375726974792E61757468656E7469636174696F6E2E557365726E616D6550617373776F726441757468656E7469636174696F6E546F6B656E000000000000013F00024C000B63726564656E7469616C7371007E00054C00097072696E636970616C71007E00057871007E0003017371007E00077371007E000B0000000377040000000371007E000F71007E001171007E00137871007E003C737200486F72672E737072696E676672616D65776F726B2E73656375726974792E7765622E61757468656E7469636174696F6E2E57656241757468656E7469636174696F6E44657461696C73000000000000013F00024C000D72656D6F74654164647265737371007E000E4C000973657373696F6E496471007E000E787074000F303A303A303A303A303A303A303A3174002461633966646239652D396263612D343962332D626638362D6564353732353030386134327073720037636F6D2E6578616D706C652E6A616E6368652E73656375726974792E61757468656E7469636174696F6E2E536563757269747955736572A98506083D3F640200044C00116163636F756E744E6F6E457870697265647400134C6A6176612F6C616E672F426F6F6C65616E3B4C00106163636F756E744E6F6E4C6F636B656471007E00424C001563726564656E7469616C734E6F6E4578706972656471007E00424C0007656E61626C656471007E004278720028636F6D2E6578616D706C652E6A616E6368652E757365722E64746F2E4C6F67696E5573657244544FACF03F3F3F02000F4900037365784C000A61637475616C4E616D6571007E000E4C00076164647265737371007E000E4C000A63726561746554696D657400104C6A6176612F7574696C2F446174653B4C0005656D61696C71007E000E4C000269647400104C6A6176612F6C616E672F4C6F6E673B4C00056D656E757371007E00084C000A6D6F6469667954696D6571007E00444C000870617373776F726471007E000E4C000570686F6E6571007E000E4C0006706F737449647400134C6A6176612F6C616E672F496E74656765723B4C0008706F73744E616D6571007E000E4C0005726F6C657371007E00084C000673746174757371007E00464C0008757365726E616D6571007E000E7870000000007400064A616E63686574000DE4B8ADE59BBD20E68890E983BD7372000E6A6176612E7574696C2E44617465686A3F4B5974190300007870770800000165BEDBC2F0787400106C69726F6E675F78784071712E636F6D7372000E6A6176612E6C616E672E4C6F6E673B8BE490CC3F3F00014A000576616C7565787200106A6176612E6C616E672E4E756D62657286AC3F0B94E03F0000787000000000000000017371007E000B0000000D77040000000D73720028636F6D2E6578616D706C652E6A616E6368652E757365722E646F6D61696E2E4D656E7552696768745D99644623AFF96302000B4C000A63726561746554696D6571007E00444C000667726164657371007E00464C000469636F6E71007E000E4C0002696471007E00454C00066D6574686F6471007E000E4C000A6D6F6469667954696D6571007E00444C00046E616D6571007E000E4C0008706172656E74496471007E00454C000373657171007E00464C000673746174757371007E00464C000375726C71007E000E78707371007E004A7708000001683396CF2078737200116A6176612E6C616E672E496E746567657212E2A0A4F781873802000149000576616C75657871007E004E0000000174000071007E004F74000070740006E9A696E9A1B57371007E004D000000000000000071007E005571007E00557400052F686F6D657371007E00517371007E004A7708000001683396CF207871007E00557400007371007E004D00000000000000027400007074000CE7B3BBE7BB9FE7AEA1E7908671007E004F71007E005571007E00557400112F53797374656D4D616E6167656D656E747371007E00517371007E004A7708000001683396CF207871007E00557400007371007E004D00000000000000037400007074000CE697A5E5BF97E7AEA1E7908671007E004F7371007E00540000000271007E00557400222F6F7065726174696F6E4D616E6167656D656E742F6C6F674D616E6167656D656E747371007E00517371007E004A7708000001683396CF207871007E00557400007371007E004D00000000000000147400007074000CE794A8E688B7E7AEA1E7908671007E005E71007E006871007E00557400202F53797374656D4D616E6167656D656E742F757365724D616E6167656D656E747371007E00517371007E004A7708000001683396CF207871007E00557400007371007E004D00000000000000157400007074000CE8A792E889B2E7AEA1E7908671007E005E71007E006871007E00557400202F53797374656D4D616E6167656D656E742F726F6C654D616E6167656D656E747371007E00517371007E004A7708000001683396CF20787371007E0054000000037400007371007E004D00000000000000C9740004504F53547074000CE6B7BBE58AA0E794A8E688B771007E006D71007E007A71007E00557400092F757365722F6164647371007E00517371007E004A7708000001683396CF207871007E007A7400007371007E004D00000000000000CA74000644454C4554457074000CE588A0E999A4E794A8E688B771007E006D71007E007A71007E005574000E2F757365722F64656C6574652F2A7371007E00517371007E004A7708000001683396CF207871007E007A7400007371007E004D00000000000000CB7400035055547074000CE4BFAEE694B9E794A8E688B771007E006D71007E007A71007E005574000C2F757365722F7570646174657371007E00517371007E004A77080000016CAAADDDE87871007E007A707371007E004D00000000000000CC7400034745547074000CE794A8E688B7E58897E8A1A871007E006D71007E007A71007E005574000A2F757365722F6C6973747371007E00517371007E004A7708000001683396CF207871007E007A7400007371007E004D00000000000000D27400034745547074000CE8A792E889B2E58897E8A1A871007E007471007E007A71007E005574000A2F726F6C652F6C6973747371007E00517371007E004A7708000001683396CF207871007E007A7400007371007E004D00000000000000D374000644454C4554457074000CE588A0E999A4E8A792E889B271007E007471007E007A71007E005574000E2F726F6C652F64656C6574652F2A7371007E00517371007E004A7708000001683396CF207871007E007A7400007371007E004D00000000000000D47400034745547074000CE6B7BBE58AA0E8A792E889B271007E007471007E007A71007E00557400092F726F6C652F6164647371007E00517371007E004A7708000001683396CF207871007E007A7400007371007E004D00000000000000D57400034745547074000CE4BFAEE694B9E8A792E889B271007E007471007E007A71007E005574000C2F726F6C652F757064617465787371007E004A77080000016850FA4AD87874003C243261243130244578697748593848766650506F4432665279546B51756F4567304C47422E68783632544754385333667769484369414D41714852717400063132343536317371007E005400000004707371007E000B0000000377040000000373720023636F6D2E6578616D706C652E6A616E6368652E757365722E646F6D61696E2E526F6C6519619D917DC36A7F0200074C000A63726561746554696D6571007E00444C000B6465736372697074696F6E71007E000E4C0002696471007E00454C000A6D6F6469667954696D6571007E00444C00046E616D6571007E000E4C000373657171007E00464C000673746174757371007E004678707371007E004A77080000016737352CB87874000FE8B685E7BAA7E7AEA1E79086E5919871007E004F7371007E004A77080000016CAABE31987874000FE8B685E7BAA7E7AEA1E79086E591987071007E00557371007E00B57371007E004A77080000016737351D187874000FE7B3BBE7BB9FE7AEA1E79086E5919871007E005E7371007E004A770800000168716F6B907874000FE7B3BBE7BB9FE7AEA1E79086E591987071007E00557371007E00B57371007E004A77080000016BE07279587874000CE699AEE9809AE794A8E688B771007E00657371007E004A77080000016CAABA78787874000CE699AEE9809AE794A8E688B77071007E00557871007E005574000561646D696E737200116A6176612E6C616E672E426F6F6C65616E3F7280D59CFAEE0200015A000576616C756578700171007E00C771007E00C771007E003F),
	('2020-06-01 22:08:50', 'cdccf40f21dfed1fedcb4c8817cc0206', _binary 0xACED00057372004C6F72672E737072696E676672616D65776F726B2E73656375726974792E6F61757468322E636F6D6D6F6E2E44656661756C744578706972696E674F417574683252656672657368546F6B656E2FDF47639DD0C9B70200014C000A65787069726174696F6E7400104C6A6176612F7574696C2F446174653B787200446F72672E737072696E676672616D65776F726B2E73656375726974792E6F61757468322E636F6D6D6F6E2E44656661756C744F417574683252656672657368546F6B656E733F0A6354D45E0200014C000576616C75657400124C6A6176612F6C616E672F537472696E673B787074002436333861303065612D613239642D343034642D383366302D3333653264613930636639387372000E6A6176612E7574696C2E44617465686A3F4B5974190300007870770800000172703FD2F978, _binary 0xACED0005737200416F72672E737072696E676672616D65776F726B2E73656375726974792E6F61757468322E70726F76696465722E4F417574683241757468656E7469636174696F6EBD400B02166252130200024C000D73746F7265645265717565737474003C4C6F72672F737072696E676672616D65776F726B2F73656375726974792F6F61757468322F70726F76696465722F4F4175746832526571756573743B4C00127573657241757468656E7469636174696F6E7400324C6F72672F737072696E676672616D65776F726B2F73656375726974792F636F72652F41757468656E7469636174696F6E3B787200476F72672E737072696E676672616D65776F726B2E73656375726974792E61757468656E7469636174696F6E2E416273747261637441757468656E7469636174696F6E546F6B656ED3AA287E6E47640E0200035A000D61757468656E746963617465644C000B617574686F7269746965737400164C6A6176612F7574696C2F436F6C6C656374696F6E3B4C000764657461696C737400124C6A6176612F6C616E672F4F626A6563743B787000737200266A6176612E7574696C2E436F6C6C656374696F6E7324556E6D6F6469666961626C654C6973743F2531B5EC3F0200014C00046C6973747400104C6A6176612F7574696C2F4C6973743B7872002C6A6176612E7574696C2E436F6C6C656374696F6E7324556E6D6F6469666961626C65436F6C6C656374696F6E19420080CB5E3F0200014C00016371007E00047870737200136A6176612E7574696C2E41727261794C6973747881D21D99C7613F000149000473697A65787000000003770400000003737200426F72672E737072696E676672616D65776F726B2E73656375726974792E636F72652E617574686F726974792E53696D706C654772616E746564417574686F72697479000000000000013F00014C0004726F6C657400124C6A6176612F6C616E672F537472696E673B7870740014524F4C455FE8B685E7BAA7E7AEA1E79086E591987371007E000D740014524F4C455FE7B3BBE7BB9FE7AEA1E79086E591987371007E000D740011524F4C455FE699AEE9809AE794A8E688B77871007E000C707372003A6F72672E737072696E676672616D65776F726B2E73656375726974792E6F61757468322E70726F76696465722E4F41757468325265717565737400000000000000010200075A0008617070726F7665644C000B617574686F72697469657371007E00044C000A657874656E73696F6E7374000F4C6A6176612F7574696C2F4D61703B4C000B726564697265637455726971007E000E4C00077265667265736874003B4C6F72672F737072696E676672616D65776F726B2F73656375726974792F6F61757468322F70726F76696465722F546F6B656E526571756573743B4C000B7265736F7572636549647374000F4C6A6176612F7574696C2F5365743B4C000D726573706F6E7365547970657371007E0018787200386F72672E737072696E676672616D65776F726B2E73656375726974792E6F61757468322E70726F76696465722E426173655265717565737436287A3EA371693F00034C0008636C69656E74496471007E000E4C001172657175657374506172616D657465727371007E00164C000573636F706571007E001878707400076A616E63686532737200256A6176612E7574696C2E436F6C6C656374696F6E7324556E6D6F6469666961626C654D6170F1A5A8FE743F420200014C00016D71007E00167870737200116A6176612E7574696C2E486173684D61700507DAC13F603F000246000A6C6F6164466163746F724900097468726573686F6C6478703F400000000000067708000000080000000474000A6772616E745F7479706574000870617373776F7264740009636C69656E745F69647400076A616E6368653274000573636F706574000673656C656374740008757365726E616D6574000561646D696E78737200256A6176612E7574696C2E436F6C6C656374696F6E7324556E6D6F6469666961626C65536574801D92D18F9B80550200007871007E0009737200176A6176612E7574696C2E4C696E6B656448617368536574D86CD75A95DD2A1E020000787200116A6176612E7574696C2E48617368536574BA44859596B83F0300007870770C000000103F4000000000000171007E002578017371007E002B770C000000103F40000000000000787371007E001E3F40000000000000770800000010000000007870707371007E002B770C000000103F400000000000017400066F6175746832787371007E002B770C000000103F40000000000000787372004F6F72672E737072696E676672616D65776F726B2E73656375726974792E61757468656E7469636174696F6E2E557365726E616D6550617373776F726441757468656E7469636174696F6E546F6B656E000000000000013F00024C000B63726564656E7469616C7371007E00054C00097072696E636970616C71007E00057871007E0003017371007E00077371007E000B0000000377040000000371007E000F71007E001171007E00137871007E0035737200176A6176612E7574696C2E4C696E6B6564486173684D617034C04E5C106CC0FB0200015A000B6163636573734F726465727871007E001E3F4000000000000C7708000000100000000571007E002071007E002171007E002471007E002574000D636C69656E745F73656372657474000631323334353671007E002271007E002371007E002671007E002778007073720037636F6D2E6578616D706C652E6A616E6368652E73656375726974792E61757468656E7469636174696F6E2E536563757269747955736572A98506083D3F640200044C00116163636F756E744E6F6E457870697265647400134C6A6176612F6C616E672F426F6F6C65616E3B4C00106163636F756E744E6F6E4C6F636B656471007E003B4C001563726564656E7469616C734E6F6E4578706972656471007E003B4C0007656E61626C656471007E003B78720028636F6D2E6578616D706C652E6A616E6368652E757365722E64746F2E4C6F67696E5573657244544FACF03F3F3F02000F4900037365784C000A61637475616C4E616D6571007E000E4C00076164647265737371007E000E4C000A63726561746554696D657400104C6A6176612F7574696C2F446174653B4C0005656D61696C71007E000E4C000269647400104C6A6176612F6C616E672F4C6F6E673B4C00056D656E757371007E00084C000A6D6F6469667954696D6571007E003D4C000870617373776F726471007E000E4C000570686F6E6571007E000E4C0006706F737449647400134C6A6176612F6C616E672F496E74656765723B4C0008706F73744E616D6571007E000E4C0005726F6C657371007E00084C000673746174757371007E003F4C0008757365726E616D6571007E000E7870000000007400064A616E63686574000DE4B8ADE59BBD20E68890E983BD7372000E6A6176612E7574696C2E44617465686A3F4B5974190300007870770800000165BEDBC2F0787400106C69726F6E675F78784071712E636F6D7372000E6A6176612E6C616E672E4C6F6E673B8BE490CC3F3F00014A000576616C7565787200106A6176612E6C616E672E4E756D62657286AC3F0B94E03F0000787000000000000000017371007E000B0000000D77040000000D73720028636F6D2E6578616D706C652E6A616E6368652E757365722E646F6D61696E2E4D656E7552696768745D99644623AFF96302000B4C000A63726561746554696D6571007E003D4C000667726164657371007E003F4C000469636F6E71007E000E4C0002696471007E003E4C00066D6574686F6471007E000E4C000A6D6F6469667954696D6571007E003D4C00046E616D6571007E000E4C0008706172656E74496471007E003E4C000373657171007E003F4C000673746174757371007E003F4C000375726C71007E000E78707371007E00437708000001683396CF2078737200116A6176612E6C616E672E496E746567657212E2A0A4F781873802000149000576616C75657871007E00470000000174000071007E004874000070740006E9A696E9A1B57371007E0046000000000000000071007E004E71007E004E7400052F686F6D657371007E004A7371007E00437708000001683396CF207871007E004E7400007371007E004600000000000000027400007074000CE7B3BBE7BB9FE7AEA1E7908671007E004871007E004E71007E004E7400112F53797374656D4D616E6167656D656E747371007E004A7371007E00437708000001683396CF207871007E004E7400007371007E004600000000000000037400007074000CE697A5E5BF97E7AEA1E7908671007E00487371007E004D0000000271007E004E7400222F6F7065726174696F6E4D616E6167656D656E742F6C6F674D616E6167656D656E747371007E004A7371007E00437708000001683396CF207871007E004E7400007371007E004600000000000000147400007074000CE794A8E688B7E7AEA1E7908671007E005771007E006171007E004E7400202F53797374656D4D616E6167656D656E742F757365724D616E6167656D656E747371007E004A7371007E00437708000001683396CF207871007E004E7400007371007E004600000000000000157400007074000CE8A792E889B2E7AEA1E7908671007E005771007E006171007E004E7400202F53797374656D4D616E6167656D656E742F726F6C654D616E6167656D656E747371007E004A7371007E00437708000001683396CF20787371007E004D000000037400007371007E004600000000000000C9740004504F53547074000CE6B7BBE58AA0E794A8E688B771007E006671007E007371007E004E7400092F757365722F6164647371007E004A7371007E00437708000001683396CF207871007E00737400007371007E004600000000000000CA74000644454C4554457074000CE588A0E999A4E794A8E688B771007E006671007E007371007E004E74000E2F757365722F64656C6574652F2A7371007E004A7371007E00437708000001683396CF207871007E00737400007371007E004600000000000000CB7400035055547074000CE4BFAEE694B9E794A8E688B771007E006671007E007371007E004E74000C2F757365722F7570646174657371007E004A7371007E004377080000016CAAADDDE87871007E0073707371007E004600000000000000CC7400034745547074000CE794A8E688B7E58897E8A1A871007E006671007E007371007E004E74000A2F757365722F6C6973747371007E004A7371007E00437708000001683396CF207871007E00737400007371007E004600000000000000D27400034745547074000CE8A792E889B2E58897E8A1A871007E006D71007E007371007E004E74000A2F726F6C652F6C6973747371007E004A7371007E00437708000001683396CF207871007E00737400007371007E004600000000000000D374000644454C4554457074000CE588A0E999A4E8A792E889B271007E006D71007E007371007E004E74000E2F726F6C652F64656C6574652F2A7371007E004A7371007E00437708000001683396CF207871007E00737400007371007E004600000000000000D47400034745547074000CE6B7BBE58AA0E8A792E889B271007E006D71007E007371007E004E7400092F726F6C652F6164647371007E004A7371007E00437708000001683396CF207871007E00737400007371007E004600000000000000D57400034745547074000CE4BFAEE694B9E8A792E889B271007E006D71007E007371007E004E74000C2F726F6C652F757064617465787371007E004377080000016850FA4AD87874003C243261243130244578697748593848766650506F4432665279546B51756F4567304C47422E68783632544754385333667769484369414D41714852717400063132343536317371007E004D00000004707371007E000B0000000377040000000373720023636F6D2E6578616D706C652E6A616E6368652E757365722E646F6D61696E2E526F6C6519619D917DC36A7F0200074C000A63726561746554696D6571007E003D4C000B6465736372697074696F6E71007E000E4C0002696471007E003E4C000A6D6F6469667954696D6571007E003D4C00046E616D6571007E000E4C000373657171007E003F4C000673746174757371007E003F78707371007E004377080000016737352CB87874000FE8B685E7BAA7E7AEA1E79086E5919871007E00487371007E004377080000016CAABE31987874000FE8B685E7BAA7E7AEA1E79086E591987071007E004E7371007E00AE7371007E004377080000016737351D187874000FE7B3BBE7BB9FE7AEA1E79086E5919871007E00577371007E0043770800000168716F6B907874000FE7B3BBE7BB9FE7AEA1E79086E591987071007E004E7371007E00AE7371007E004377080000016BE07279587874000CE699AEE9809AE794A8E688B771007E005E7371007E004377080000016CAABA78787874000CE699AEE9809AE794A8E688B77071007E004E7871007E004E74000561646D696E737200116A6176612E6C616E672E426F6F6C65616E3F7280D59CFAEE0200015A000576616C756578700171007E00C071007E00C071007E003F);
/*!40000 ALTER TABLE `oauth_refresh_token` ENABLE KEYS */;


-- 导出  表 db02.role 结构
CREATE TABLE IF NOT EXISTS `role` (
  `id` bigint(11) NOT NULL AUTO_INCREMENT COMMENT '角色id',
  `name` varchar(50) NOT NULL COMMENT '角色名称(页面显示)',
  `description` varchar(255) DEFAULT NULL COMMENT '描述',
  `seq` int(11) DEFAULT NULL COMMENT '角色排序',
  `status` int(11) DEFAULT '1' COMMENT '状态：0-禁用，1-启用',
  `create_time` datetime DEFAULT NULL COMMENT '创建时间',
  `modify_time` datetime DEFAULT NULL COMMENT '修改时间',
  PRIMARY KEY (`id`) USING BTREE,
  UNIQUE KEY `name_index` (`name`) USING BTREE
) ENGINE=InnoDB AUTO_INCREMENT=67 DEFAULT CHARSET=utf8 ROW_FORMAT=COMPACT COMMENT='角色表';

-- 正在导出表  db02.role 的数据：~3 rows (大约)
DELETE FROM `role`;
/*!40000 ALTER TABLE `role` DISABLE KEYS */;
INSERT INTO `role` (`id`, `name`, `description`, `seq`, `status`, `create_time`, `modify_time`) VALUES
	(1, '超级管理员', '超级管理员', NULL, 1, '2018-11-21 16:58:11', '2019-08-19 16:38:07'),
	(2, '系统管理员', '系统管理员', NULL, 1, '2018-11-21 16:58:07', '2019-01-21 17:22:34'),
	(3, '普通用户', '普通用户', NULL, 1, '2019-07-11 09:52:07', '2019-08-19 16:34:03');
/*!40000 ALTER TABLE `role` ENABLE KEYS */;


-- 导出  表 db02.role_right 结构
CREATE TABLE IF NOT EXISTS `role_right` (
  `role_id` bigint(11) NOT NULL COMMENT '角色id',
  `menu_id` bigint(11) NOT NULL COMMENT '权限id',
  PRIMARY KEY (`role_id`,`menu_id`) USING BTREE
) ENGINE=InnoDB DEFAULT CHARSET=utf8 ROW_FORMAT=COMPACT;

-- 正在导出表  db02.role_right 的数据：~22 rows (大约)
DELETE FROM `role_right`;
/*!40000 ALTER TABLE `role_right` DISABLE KEYS */;
INSERT INTO `role_right` (`role_id`, `menu_id`) VALUES
	(1, 1),
	(1, 2),
	(1, 3),
	(1, 20),
	(1, 21),
	(1, 201),
	(1, 202),
	(1, 203),
	(1, 204),
	(1, 210),
	(1, 211),
	(1, 212),
	(1, 213),
	(3, 1),
	(3, 2),
	(3, 3),
	(3, 20),
	(3, 21),
	(3, 201),
	(3, 202),
	(3, 203),
	(3, 204);
/*!40000 ALTER TABLE `role_right` ENABLE KEYS */;


-- 导出  表 db02.sys_log 结构
CREATE TABLE IF NOT EXISTS `sys_log` (
  `id` bigint(11) NOT NULL AUTO_INCREMENT,
  `log_type` int(11) DEFAULT NULL COMMENT '所属系统：2-权限管理系统，3-交叉推广系统，4-广告管理系统，5-数据统计系统，6-游戏合集系统',
  `operation` int(11) DEFAULT NULL COMMENT '操作类型： 添加-1 删除-2 更新-3 查看-4 登录-5 登出-6 导出-7 导入-8 0为默认值',
  `log_user` bigint(11) DEFAULT NULL COMMENT '操作人员ID',
  `log_ip` varchar(32) DEFAULT NULL COMMENT '访问IP',
  `log_method` varchar(255) DEFAULT NULL COMMENT '请求方法',
  `log_params` text COMMENT '请求参数',
  `log_desc` varchar(255) DEFAULT NULL COMMENT '日志描述',
  `log_time` bigint(32) DEFAULT NULL COMMENT '响应时间',
  `exception_code` varchar(255) DEFAULT NULL COMMENT '异常码',
  `exception_detail` text COMMENT '异常描述',
  `create_time` datetime DEFAULT NULL COMMENT '创建时间',
  PRIMARY KEY (`id`) USING BTREE
) ENGINE=InnoDB AUTO_INCREMENT=414 DEFAULT CHARSET=utf8 ROW_FORMAT=COMPACT COMMENT='系统日志表';

-- 正在导出表  db02.sys_log 的数据：~11 rows (大约)
DELETE FROM `sys_log`;
/*!40000 ALTER TABLE `sys_log` DISABLE KEYS */;
INSERT INTO `sys_log` (`id`, `log_type`, `operation`, `log_user`, `log_ip`, `log_method`, `log_params`, `log_desc`, `log_time`, `exception_code`, `exception_detail`, `create_time`) VALUES
	(386, 1, 5, NULL, '0:0:0:0:0:0:0:1', 'POST', NULL, 'lr 用户不存在! 登录系统失败 ', NULL, NULL, NULL, '2020-03-18 03:06:29'),
	(387, 2, 5, 1, '0:0:0:0:0:0:0:1', 'POST', NULL, 'admin 登录了系统 ', NULL, NULL, NULL, '2020-03-18 03:06:37'),
	(405, 2, 5, 1, '0:0:0:0:0:0:0:1', 'POST', NULL, 'admin 登录了系统 ', NULL, NULL, NULL, '2020-06-01 13:39:06'),
	(406, 1, 5, NULL, '0:0:0:0:0:0:0:1', 'POST', NULL, ' 用户不存在! 登录系统失败 ', NULL, NULL, NULL, '2020-06-01 13:41:34'),
	(407, 2, 5, 1, '0:0:0:0:0:0:0:1', 'POST', NULL, 'admin 登录了系统 ', NULL, NULL, NULL, '2020-06-01 13:43:58'),
	(408, 2, 5, 1, '0:0:0:0:0:0:0:1', 'POST', NULL, 'admin 登录了系统 ', NULL, NULL, NULL, '2020-06-01 13:48:43'),
	(409, 2, 5, 1, '0:0:0:0:0:0:0:1', 'POST', NULL, 'admin 登录了系统 ', NULL, NULL, NULL, '2020-06-01 13:48:58'),
	(410, 2, 5, 1, '0:0:0:0:0:0:0:1', 'POST', NULL, 'admin 登录了系统 ', NULL, NULL, NULL, '2020-06-01 13:59:11'),
	(411, 2, 5, 1, '0:0:0:0:0:0:0:1', 'POST', NULL, 'admin 登录了系统 ', NULL, NULL, NULL, '2020-06-01 13:59:13'),
	(412, 2, 5, 1, '0:0:0:0:0:0:0:1', 'POST', NULL, 'admin 登录了系统 ', NULL, NULL, NULL, '2020-06-01 14:01:52'),
	(413, 2, 5, 1, '0:0:0:0:0:0:0:1', 'POST', NULL, 'admin 登录了系统 ', NULL, NULL, NULL, '2020-06-01 14:02:03');
/*!40000 ALTER TABLE `sys_log` ENABLE KEYS */;


-- 导出  表 db02.user 结构
CREATE TABLE IF NOT EXISTS `user` (
  `id` bigint(11) NOT NULL AUTO_INCREMENT,
  `username` varchar(32) NOT NULL COMMENT '用户名',
  `password` varchar(64) DEFAULT NULL COMMENT '密码',
  `actual_name` varchar(32) DEFAULT NULL COMMENT '真实姓名',
  `sex` int(2) DEFAULT NULL COMMENT '性别 0：男 1：女',
  `phone` varchar(20) DEFAULT NULL COMMENT '手机号码',
  `email` varchar(32) DEFAULT NULL COMMENT '邮箱',
  `address` varchar(255) DEFAULT NULL COMMENT '地址',
  `post_id` int(11) DEFAULT NULL COMMENT '职务ID',
  `post_name` varchar(64) DEFAULT NULL COMMENT '职务名称',
  `status` int(2) DEFAULT '1' COMMENT '账号状态：0-禁用，1-启用',
  `create_time` datetime DEFAULT NULL COMMENT '创建时间',
  `modify_time` datetime DEFAULT NULL COMMENT '修改时间',
  PRIMARY KEY (`id`) USING BTREE,
  UNIQUE KEY `index_username` (`username`) USING BTREE
) ENGINE=InnoDB AUTO_INCREMENT=102 DEFAULT CHARSET=utf8 ROW_FORMAT=COMPACT COMMENT='用户表';

-- 正在导出表  db02.user 的数据：~3 rows (大约)
DELETE FROM `user`;
/*!40000 ALTER TABLE `user` DISABLE KEYS */;
INSERT INTO `user` (`id`, `username`, `password`, `actual_name`, `sex`, `phone`, `email`, `address`, `post_id`, `post_name`, `status`, `create_time`, `modify_time`) VALUES
	(1, 'admin', '$2a$10$ExiwHY8HvfPPoD2fRyTkQuoEg0LGB.hx62TGT8S3fwiHCiAMAqHRq', 'Janche', 0, '124561', 'lirong_xx@qq.com', '中国 成都', 4, NULL, 1, '2018-09-09 15:03:18', '2019-01-15 10:06:47'),
	(2, 'test', '$2a$10$ExiwHY8HvfPPoD2fRyTkQuoEg0LGB.hx62TGT8S3fwiHCiAMAqHRq', '张三', 1, '234', '23423@qq.com', '中国 北京', 4, NULL, 1, '2020-03-20 14:24:06', NULL),
	(3, 'libii', '$2a$10$ExiwHY8HvfPPoD2fRyTkQuoEg0LGB.hx62TGT8S3fwiHCiAMAqHRq', '力比', 0, '234235', 'libii@libii.com', '中国 上海', 4, NULL, 1, '2019-07-15 17:44:50', NULL);
/*!40000 ALTER TABLE `user` ENABLE KEYS */;


-- 导出  表 db02.user_role 结构
CREATE TABLE IF NOT EXISTS `user_role` (
  `user_id` bigint(11) NOT NULL COMMENT '用户id',
  `role_id` bigint(11) NOT NULL COMMENT '角色id',
  PRIMARY KEY (`role_id`,`user_id`) USING BTREE
) ENGINE=InnoDB DEFAULT CHARSET=utf8 ROW_FORMAT=COMPACT;

-- 正在导出表  db02.user_role 的数据：~4 rows (大约)
DELETE FROM `user_role`;
/*!40000 ALTER TABLE `user_role` DISABLE KEYS */;
INSERT INTO `user_role` (`user_id`, `role_id`) VALUES
	(1, 1),
	(2, 2),
	(2, 3),
	(3, 3);
/*!40000 ALTER TABLE `user_role` ENABLE KEYS */;
/*!40101 SET SQL_MODE=IFNULL(@OLD_SQL_MODE, '') */;
/*!40014 SET FOREIGN_KEY_CHECKS=IF(@OLD_FOREIGN_KEY_CHECKS IS NULL, 1, @OLD_FOREIGN_KEY_CHECKS) */;
/*!40101 SET CHARACTER_SET_CLIENT=@OLD_CHARACTER_SET_CLIENT */;
